Delay,Code,Y
15000,302,1
0,302,1
0,302,1
11000,302,1
19000,302,1
24000,302,1
23000,302,1
19000,200,1
27000,200,1
13000,200,1
18000,404,1
21000,404,1
17000,200,1
19000,200,1
26000,200,1
15000,400,1
18000,400,1
31000,404,1
19000,404,1
18000,404,1
16000,404,1
13000,404,1
15000,404,1
20000,404,1
23000,404,1
15000,400,1
13000,400,1
22000,404,1
22000,404,1
21000,404,1
22000,404,1
12000,200,1
20000,400,1
14000,400,1
10000,200,1
22000,404,1
15000,404,1
12000,404,1
22000,404,1
20000,400,1
19000,400,1
14000,404,1
13000,404,1
13000,404,1
20000,404,1
16000,200,1
13000,201,1
22000,201,1
20000,201,1
11000,201,1
20000,201,1
0,400,1
12000,400,1
13000,400,1
21000,400,1
20000,400,1
21000,400,1
19000,400,1
20000,400,1
20000,400,1
20000,201,1
17000,400,1
13000,400,1
23000,400,1
21000,201,1
15000,400,1
10000,400,1
22000,400,1
20000,400,1
13000,400,1
21000,400,1
17000,400,1
19000,400,1
13000,400,1
21000,201,1
15000,201,1
13000,201,1
13000,201,1
19000,201,1
13000,201,1
21000,201,1
21000,201,1
19000,201,1
21000,201,1
21000,201,1
20000,201,1
18000,201,1
13000,201,1
13000,201,1
12000,200,1
12000,201,1
12000,201,1
20000,201,1
20000,201,1
21000,201,1
20000,400,1
20000,400,1
23000,400,1
20000,400,1
20000,400,1
20000,400,1
19000,400,1
19000,400,1
21000,400,1
19000,201,1
20000,400,1
20000,400,1
19000,400,1
11000,201,1
0,400,1
12000,400,1
11000,400,1
11000,400,1
20000,400,1
14000,400,1
19000,400,1
20000,400,1
19000,400,1
16000,201,1
24000,201,1
10000,201,1
13000,201,1
13000,201,1
19000,201,1
21000,201,1
21000,201,1
20000,201,1
12000,201,1
13000,201,1
12000,201,1
20000,201,1
21000,201,1
19000,201,1
21000,201,1
11000,201,1
14000,201,1
12000,201,1
21000,201,1
20000,201,1
21000,201,1
19000,201,1
20000,400,1
20000,400,1
10000,400,1
12000,400,1
13000,400,1
20000,201,1
20000,201,1
20000,400,1
9000,400,1
12000,400,1
13000,400,1
13000,400,1
20000,400,1
21000,400,1
20000,400,1
20000,400,1
20000,400,1
20000,400,1
10000,201,1
13000,400,1
13000,400,1
22000,400,1
22000,400,1
13000,400,1
13000,400,1
22000,400,1
21000,400,1
15000,400,1
25000,400,1
14000,400,1
11000,400,1
22000,400,1
23000,201,1
14000,400,1
23000,400,1
12000,400,1
14000,400,1
23000,400,1
13000,400,1
14000,201,1
22000,400,1
29000,400,1
20000,400,1
14000,400,1
14000,400,1
16000,201,1
16000,400,1
22000,201,1
14000,400,1
22000,201,1
18000,400,1
15000,201,1
17000,400,1
18000,201,1
18000,400,1
19000,400,1
18000,201,1
17000,400,1
25000,201,1
24000,201,1
22000,400,1
20000,201,1
18000,400,1
17000,201,1
16000,201,1
15000,201,1
17000,201,1
16000,201,1
17000,201,1
16000,400,1
16000,400,1
19000,400,1
21000,400,1
19000,400,1
19000,400,1
18000,400,1
16000,400,1
15000,400,1
13000,400,1
11000,400,1
25000,400,1
25000,400,1
23000,400,1
17000,400,1
17000,400,1
16000,400,1
16000,400,1
17000,400,1
18000,400,1
15000,400,1
17000,400,1
17000,400,1
15000,400,1
17000,400,1
16000,400,1
17000,400,1
17000,400,1
18000,400,1
19000,400,1
16000,400,1
16000,400,1
15000,400,1
0,400,1
15000,400,1
15000,201,1
18000,201,1
19000,201,1
19000,201,1
18000,201,1
17000,201,1
18000,201,1
16000,201,1
16000,201,1
16000,201,1
16000,201,1
15000,201,1
16000,201,1
19000,201,1
17000,201,1
16000,201,1
22000,201,1
20000,201,1
19000,201,1
19000,200,1
14000,201,1
20000,400,1
14000,400,1
21000,400,1
18000,400,1
14000,400,1
27000,400,1
22000,400,1
13000,400,1
14000,400,1
15000,400,1
15000,400,1
27000,400,1
25000,400,1
24000,400,1
24000,400,1
22000,400,1
16000,400,1
17000,400,1
17000,400,1
15000,400,1
24000,400,1
25000,400,1
14000,400,1
13000,400,1
14000,400,1
0,400,1
15000,400,1
15000,400,1
15000,400,1
13000,400,1
17000,400,1
30000,400,1
14000,400,1
22000,400,1
19000,400,1
14000,400,1
16000,400,1
14000,400,1
20000,400,1
18000,400,1
27000,400,1
22000,400,1
17000,400,1
14000,400,1
13000,400,1
21000,400,1
29000,400,1
15000,400,1
21000,400,1
13000,400,1
18000,400,1
23000,400,1
20000,400,1
23000,400,1
12000,400,1
21000,400,1
21000,400,1
25000,400,1
38000,400,1
15000,400,1
13000,400,1
21000,400,1
17000,400,1
25000,400,1
12000,400,1
12000,400,1
19000,400,1
20000,400,1
19000,400,1
18000,400,1
20000,400,1
19000,400,1
19000,400,1
20000,400,1
19000,400,1
10000,400,1
12000,400,1
12000,400,1
12000,400,1
20000,400,1
15000,400,1
17000,400,1
20000,400,1
20000,400,1
20000,400,1
19000,400,1
21000,400,1
19000,400,1
22000,400,1
20000,400,1
25000,400,1
19000,400,1
14000,400,1
12000,400,1
25000,400,1
22000,400,1
15000,400,1
12000,400,1
17000,400,1
10000,400,1
13000,400,1
14000,400,1
24000,400,1
12000,400,1
19000,400,1
18000,400,1
14000,400,1
13000,400,1
23000,400,1
20000,400,1
12000,400,1
22000,400,1
25000,400,1
22000,400,1
0,400,1
23000,400,1
12000,400,1
12000,400,1
13000,400,1
13000,201,1
20000,201,1
14000,201,1
20000,400,1
23000,400,1
16000,400,1
25000,400,1
13000,400,1
13000,400,1
20000,400,1
24000,400,1
15000,400,1
23000,400,1
15000,400,1
26000,400,1
19000,400,1
12000,400,1
11000,400,1
14000,400,1
23000,404,1
16000,400,1
13000,400,1
22000,400,1
23000,400,1
23000,400,1
21000,400,1
23000,400,1
21000,400,1
13000,400,1
13000,400,1
27000,400,1
12000,400,1
26000,400,1
13000,400,1
12000,400,1
12000,400,1
20000,400,1
20000,400,1
20000,400,1
15000,400,1
20000,400,1
20000,400,1
20000,400,1
20000,400,1
20000,400,1
10000,400,1
12000,400,1
12000,400,1
14000,400,1
14000,400,1
19000,400,1
20000,400,1
19000,400,1
20000,400,1
20000,400,1
19000,400,1
19000,400,1
13000,400,1
12000,400,1
13000,400,1
19000,400,1
20000,400,1
23000,400,1
19000,400,1
20000,400,1
20000,400,1
11000,400,1
14000,400,1
14000,400,1
23000,400,1
13000,400,1
14000,500,1
23000,500,1
12000,500,1
14000,500,1
22000,500,1
11000,500,1
15000,500,1
23000,500,1
11000,500,1
15000,500,1
23000,200,1
13000,500,1
14000,500,1
25000,200,1
14000,200,1
15000,200,1
23000,200,1
18000,200,1
23000,200,1
16000,200,1
19000,200,1
24000,200,1
19000,200,1
21000,200,1
21000,200,1
13000,200,1
14000,200,1
23000,200,1
17000,200,1
22000,200,1
20000,200,1
12000,200,1
20000,201,1
20000,200,1
23000,201,1
20000,200,1
23000,201,1
11000,200,1
12000,201,1
13000,200,1
13000,201,1
16000,200,1
20000,201,1
21000,200,1
14000,201,1
19000,200,1
18000,201,1
18000,200,1
14000,201,1
15000,200,1
21000,201,1
16000,200,1
18000,201,1
18000,200,1
20000,201,1
20000,200,1
18000,201,1
12000,200,1
12000,201,1
11000,200,1
12000,201,1
12000,200,1
13000,201,1
12000,201,1
11000,404,1
11000,201,1
21000,404,1
20000,404,1
20000,404,1
31000,404,1
28000,404,1
45000,400,1
30000,404,1
13000,400,1
21000,400,1
22000,400,1
20000,400,1
20000,400,1
25000,400,1
12000,404,1
12000,400,1
18000,400,1
21000,400,1
21000,404,1
19000,400,1
20000,400,1
14000,400,1
19000,400,1
20000,400,1
22000,400,1
13000,201,1
11000,404,1
13000,201,1
13000,404,1
14000,201,1
21000,404,1
13000,201,1
13000,404,1
21000,201,1
15000,404,1
12000,201,1
19000,404,1
26000,201,1
13000,404,1
13000,201,1
13000,404,1
14000,201,1
29000,404,1
23000,201,1
13000,404,1
17000,201,1
20000,404,1
20000,201,1
21000,404,1
22000,201,1
26000,404,1
23000,201,1
26000,404,1
15000,201,1
14000,404,1
16000,201,1
22000,404,1
23000,200,1
23000,200,1
28000,200,1
23000,201,1
13000,200,1
12000,201,1
13000,200,1
12000,201,1
12000,200,1
12000,201,1
13000,200,1
26000,201,1
25000,200,1
26000,201,1
21000,200,1
14000,201,1
15000,200,1
24000,201,1
24000,200,1
11000,201,1
17000,200,1
15000,201,1
13000,200,1
20000,201,1
27000,200,1
19000,201,1
26000,200,1
37000,201,1
36000,200,1
32000,201,1
10000,200,1
12000,201,1
13000,200,1
18000,201,1
22000,201,1
20000,200,1
22000,201,1
22000,200,1
21000,201,1
21000,200,1
21000,200,1
20000,200,1
20000,404,1
19000,400,1
25000,201,1
23000,204,1
20000,201,1
20000,204,1
13000,201,1
12000,204,1
11000,204,1
17000,204,1
21000,404,1
22000,400,1
22000,204,1
20000,204,1
10000,204,1
11000,204,1
17000,400,1
22000,400,1
21000,400,1
14000,400,1
13000,400,1
19000,400,1
20000,400,1
16000,400,1
12000,400,1
13000,204,1
13000,400,1
25000,400,1
21000,400,1
19000,204,1
19000,400,1
22000,400,1
22000,400,1
20000,400,1
21000,400,1
14000,400,1
17000,400,1
19000,400,1
18000,400,1
20000,201,1
25000,204,1
22000,201,1
24000,204,1
17000,201,1
14000,204,1
18000,201,1
23000,204,1
15000,201,1
20000,204,1
20000,201,1
21000,204,1
19000,201,1
12000,204,1
13000,201,1
13000,204,1
17000,201,1
20000,204,1
18000,201,1
18000,204,1
21000,201,1
26000,204,1
14000,201,1
13000,204,1
22000,201,1
10000,204,1
12000,201,1
12000,204,1
12000,201,1
10000,204,1
11000,201,1
12000,400,1
14000,200,1
15000,201,1
14000,200,1
23000,201,1
13000,200,1
12000,201,1
11000,200,1
12000,201,1
11000,200,1
16000,201,1
13000,200,1
22000,201,1
22000,200,1
18000,201,1
10000,200,1
20000,201,1
22000,200,1
12000,201,1
11000,200,1
12000,201,1
13000,200,1
15000,201,1
11000,200,1
11000,201,1
19000,200,1
21000,201,1
19000,200,1
18000,201,1
22000,200,1
13000,201,1
13000,200,1
12000,201,1
23000,200,1
13000,201,1
12000,200,1
13000,201,1
20000,200,1
10000,201,1
11000,200,1
13000,201,1
12000,200,1
13000,200,1
10000,200,1
13000,201,1
11000,200,1
16000,201,1
11000,200,1
16000,201,1
22000,200,1
20000,201,1
18000,201,1
18000,404,1
20000,201,1
13000,404,1
10000,404,1
12000,404,1
11000,404,1
11000,404,1
11000,404,1
25000,404,1
12000,404,1
16000,400,1
20000,400,1
14000,400,1
15000,400,1
13000,400,1
21000,400,1
21000,404,1
10000,400,1
13000,400,1
13000,400,1
21000,400,1
20000,400,1
12000,400,1
14000,400,1
13000,400,1
21000,400,1
20000,400,1
20000,400,1
22000,400,1
19000,400,1
19000,400,1
18000,400,1
19000,400,1
16000,400,1
22000,400,1
20000,400,1
22000,400,1
13000,400,1
24000,400,1
10000,400,1
11000,400,1
12000,400,1
13000,400,1
20000,400,1
20000,400,1
20000,400,1
19000,400,1
19000,400,1
21000,400,1
22000,400,1
11000,400,1
13000,400,1
15000,400,1
21000,400,1
20000,400,1
20000,400,1
19000,400,1
24000,400,1
13000,400,1
11000,400,1
12000,400,1
19000,400,1
20000,400,1
11000,400,1
12000,400,1
13000,400,1
12000,400,1
21000,400,1
23000,400,1
19000,400,1
19000,400,1
10000,400,1
11000,400,1
16000,400,1
20000,400,1
21000,400,1
21000,400,1
13000,400,1
13000,400,1
15000,400,1
22000,400,1
21000,400,1
11000,400,1
24000,400,1
13000,400,1
13000,400,1
23000,400,1
24000,400,1
15000,400,1
11000,400,1
10000,400,1
19000,400,1
20000,400,1
11000,400,1
11000,400,1
11000,400,1
10000,400,1
11000,400,1
23000,404,1
14000,400,1
17000,400,1
12000,404,1
15000,400,1
11000,404,1
12000,400,1
11000,400,1
10000,400,1
12000,400,1
11000,400,1
11000,400,1
11000,400,1
11000,400,1
12000,404,1
25000,400,1
10000,400,1
12000,400,1
12000,400,1
13000,400,1
16000,400,1
24000,400,1
14000,400,1
14000,400,1
26000,201,1
19000,404,1
18000,201,1
18000,404,1
19000,201,1
20000,404,1
24000,201,1
13000,404,1
18000,201,1
61000,404,1
48000,201,1
15000,404,1
14000,201,1
14000,404,1
16000,201,1
25000,404,1
22000,201,1
21000,404,1
11000,201,1
15000,404,1
37000,201,1
26000,404,1
16000,201,1
17000,404,1
14000,201,1
9000,404,1
11000,201,1
12000,404,1
13000,201,1
12000,404,1
24000,201,1
13000,400,1
11000,201,1
12000,400,1
13000,201,1
28000,400,1
13000,201,1
20000,400,1
23000,201,1
19000,404,1
30000,200,1
18000,200,1
10000,200,1
13000,200,1
25000,302,1
15000,200,1
14000,200,1
21000,302,1
25000,200,1
15000,200,1
14000,302,1
19000,200,1
20000,200,1
23000,302,1
27000,200,1
41000,200,1
18000,302,1
61000,200,1
45000,200,1
18000,302,1
22000,200,1
20000,200,1
12000,302,1
13000,200,1
17000,200,1
19000,200,1
20000,200,1
20000,200,1
20000,200,1
18000,200,1
22000,200,1
22000,200,1
13000,200,1
12000,200,1
11000,404,1
12000,200,1
12000,200,1
12000,404,1
12000,200,1
14000,200,1
12000,200,1
11000,200,1
19000,200,1
19000,200,1
24000,200,1
18000,200,1
18000,200,1
19000,200,1
18000,200,1
12000,400,1
13000,200,1
13000,200,1
31000,400,1
21000,200,1
11000,200,1
10000,404,1
11000,200,1
11000,200,1
0,404,1
14000,200,1
11000,200,1
11000,404,1
18000,200,1
19000,200,1
12000,404,1
13000,200,1
14000,200,1
22000,404,1
13000,200,1
36000,200,1
12000,404,1
14000,200,1
13000,200,1
22000,404,1
21000,200,1
24000,200,1
28000,404,1
16000,200,1
13000,200,1
13000,400,1
14000,200,1
17000,200,1
21000,400,1
20000,200,1
21000,200,1
21000,404,1
11000,200,1
17000,200,1
12000,404,1
15000,200,1
17000,200,1
22000,404,1
12000,200,1
16000,200,1
11000,404,1
11000,200,1
11000,200,1
12000,200,1
10000,200,1
12000,200,1
30000,400,1
18000,200,1
27000,200,1
20000,400,1
16000,200,1
15000,200,1
13000,200,1
13000,200,1
22000,200,1
22000,404,1
14000,200,1
15000,200,1
25000,404,1
13000,200,1
13000,200,1
20000,404,1
23000,200,1
12000,200,1
24000,404,1
12000,200,1
13000,200,1
14000,400,1
20000,200,1
19000,200,1
17000,400,1
21000,200,1
21000,200,1
21000,404,1
15000,200,1
15000,200,1
11000,404,1
12000,200,1
13000,200,1
12000,404,1
19000,200,1
21000,200,1
12000,404,1
12000,200,1
11000,200,1
11000,200,1
19000,200,1
20000,200,1
13000,201,1
12000,200,1
12000,200,1
21000,201,1
23000,200,1
12000,200,1
22000,201,1
20000,200,1
20000,200,1
10000,201,1
15000,200,1
14000,200,1
20000,201,1
14000,200,1
25000,200,1
28000,201,1
11000,200,1
13000,200,1
13000,201,1
21000,200,1
20000,200,1
21000,201,1
17000,200,1
21000,200,1
20000,201,1
21000,200,1
21000,200,1
14000,201,1
13000,200,1
27000,200,1
22000,201,1
24000,200,1
37000,200,1
14000,201,1
13000,200,1
21000,200,1
24000,201,1
16000,200,1
23000,200,1
23000,201,1
14000,200,1
22000,200,1
12000,201,1
18000,200,1
23000,200,1
38000,201,1
53000,200,1
25000,200,1
16000,200,1
29000,200,1
18000,200,1
20000,201,1
35000,200,1
43000,200,1
49000,201,1
29000,200,1
34000,200,1
73000,201,1
45000,200,1
23000,200,1
34000,201,1
24000,200,1
25000,200,1
25000,201,1
29000,200,1
28000,200,1
30000,201,1
30000,200,1
22000,200,1
29000,201,1
19000,200,1
31000,200,1
33000,201,1
17000,200,1
20000,200,1
33000,201,1
28000,200,1
20000,200,1
17000,201,1
14000,200,1
25000,200,1
13000,201,1
14000,200,1
21000,200,1
11000,201,1
14000,200,1
21000,200,1
12000,201,1
12000,200,1
13000,200,1
21000,201,1
11000,200,1
13000,200,1
13000,201,1
16000,200,1
23000,200,1
12000,201,1
14000,200,1
14000,201,1
20000,200,1
10000,200,1
29000,201,1
18000,200,1
10000,200,1
13000,200,1
14000,404,1
23000,400,1
20000,200,1
18000,201,1
23000,204,1
14000,200,1
13000,201,1
23000,204,1
12000,204,1
14000,204,1
16000,404,1
23000,400,1
23000,200,1
16000,201,1
23000,204,1
11000,200,1
12000,201,1
14000,204,1
16000,200,1
23000,201,1
12000,204,1
14000,200,1
23000,201,1
0,204,1
22000,200,1
21000,201,1
11000,204,1
12000,200,1
11000,201,1
20000,204,1
20000,200,1
13000,201,1
14000,204,1
13000,200,1
24000,201,1
12000,204,1
12000,200,1
16000,201,1
18000,204,1
22000,200,1
11000,201,1
18000,204,1
20000,200,1
20000,201,1
20000,204,1
21000,200,1
21000,201,1
12000,204,1
14000,200,1
14000,201,1
22000,204,1
23000,200,1
32000,201,1
13000,204,1
19000,200,1
19000,201,1
19000,204,1
19000,200,1
24000,200,1
21000,201,1
23000,200,1
14000,200,1
15000,201,1
23000,200,1
15000,200,1
17000,201,1
24000,200,1
10000,200,1
11000,201,1
11000,200,1
13000,200,1
13000,201,1
22000,200,1
20000,200,1
21000,201,1
20000,200,1
20000,200,1
21000,201,1
13000,200,1
13000,200,1
16000,201,1
22000,200,1
13000,200,1
14000,201,1
22000,200,1
22000,200,1
15000,201,1
12000,200,1
14000,200,1
13000,201,1
21000,200,1
20000,200,1
23000,201,1
12000,200,1
17000,200,1
21000,201,1
20000,200,1
19000,200,1
19000,201,1
19000,200,1
22000,200,1
17000,201,1
22000,200,1
22000,200,1
12000,201,1
14000,200,1
21000,200,1
20000,201,1
14000,200,1
13000,200,1
21000,201,1
19000,200,1
28000,200,1
19000,201,1
21000,200,1
16000,200,1
15000,201,1
12000,200,1
13000,200,1
21000,200,1
21000,200,1
11000,200,1
15000,201,1
13000,200,1
21000,200,1
20000,201,1
19000,200,1
19000,200,1
19000,201,1
26000,200,1
13000,200,1
13000,201,1
20000,200,1
21000,200,1
20000,201,1
13000,200,1
16000,200,1
22000,201,1
22000,200,1
13000,200,1
12000,201,1
13000,200,1
23000,200,1
19000,201,1
21000,200,1
21000,200,1
11000,400,1
15000,200,1
17000,200,1
19000,400,1
19000,200,1
21000,200,1
20000,400,1
19000,200,1
19000,200,1
19000,400,1
31000,200,1
18000,200,1
39000,400,1
28000,200,1
15000,200,1
23000,400,1
11000,200,1
14000,200,1
20000,400,1
21000,200,1
20000,200,1
12000,400,1
11000,200,1
14000,200,1
20000,400,1
12000,200,1
19000,200,1
10000,400,1
12000,200,1
11000,200,1
13000,400,1
14000,200,1
25000,200,1
16000,400,1
24000,200,1
51000,200,1
11000,404,1
11000,200,1
11000,200,1
11000,400,1
11000,200,1
12000,200,1
20000,400,1
11000,200,1
13000,200,1
13000,400,1
20000,200,1
19000,200,1
20000,400,1
18000,200,1
18000,200,1
0,400,1
14000,200,1
20000,200,1
13000,400,1
11000,200,1
12000,200,1
19000,400,1
20000,200,1
18000,200,1
22000,400,1
19000,200,1
18000,200,1
19000,400,1
19000,200,1
18000,200,1
19000,400,1
25000,200,1
11000,200,1
11000,400,1
11000,200,1
11000,200,1
11000,400,1
10000,200,1
13000,200,1
17000,400,1
19000,200,1
19000,200,1
19000,400,1
19000,200,1
19000,200,1
20000,400,1
10000,200,1
12000,200,1
12000,400,1
11000,200,1
11000,200,1
19000,400,1
20000,200,1
15000,200,1
12000,400,1
21000,200,1
12000,200,1
21000,400,1
13000,200,1
14000,200,1
12000,400,1
12000,200,1
15000,200,1
22000,500,1
17000,200,1
18000,200,1
20000,500,1
11000,200,1
11000,200,1
12000,500,1
12000,200,1
11000,200,1
19000,500,1
21000,200,1
11000,200,1
12000,500,1
12000,200,1
12000,200,1
12000,200,1
20000,200,1
19000,200,1
27000,500,1
26000,200,1
14000,200,1
14000,200,1
32000,200,1
22000,200,1
15000,200,1
14000,200,1
20000,200,1
14000,200,1
19000,200,1
15000,200,1
20000,200,1
30000,200,1
25000,200,1
22000,200,1
11000,200,1
11000,200,1
12000,200,1
12000,200,1
20000,200,1
27000,200,1
28000,200,1
28000,200,1
25000,200,1
26000,200,1
25000,200,1
23000,200,1
18000,200,1
19000,200,1
18000,200,1
19000,200,1
19000,200,1
21000,200,1
19000,200,1
19000,200,1
10000,200,1
11000,200,1
11000,200,1
12000,200,1
12000,201,1
11000,200,1
11000,200,1
13000,200,1
23000,201,1
19000,200,1
9000,200,1
11000,200,1
11000,201,1
10000,200,1
11000,200,1
12000,200,1
17000,201,1
18000,200,1
19000,200,1
18000,200,1
18000,201,1
19000,200,1
18000,200,1
23000,200,1
13000,201,1
14000,200,1
22000,200,1
12000,200,1
15000,201,1
15000,200,1
22000,200,1
17000,200,1
45000,201,1
25000,200,1
27000,200,1
21000,200,1
24000,201,1
15000,200,1
22000,200,1
24000,200,1
16000,201,1
20000,200,1
21000,200,1
18000,200,1
21000,201,1
21000,200,1
12000,200,1
15000,200,1
26000,201,1
24000,200,1
25000,200,1
25000,200,1
25000,201,1
27000,200,1
26000,200,1
32000,200,1
24000,201,1
10000,200,1
15000,200,1
22000,200,1
11000,201,1
13000,200,1
16000,200,1
22000,200,1
25000,201,1
13000,200,1
13000,200,1
12000,201,1
21000,404,1
21000,200,1
22000,200,1
13000,201,1
18000,404,1
21000,200,1
20000,200,1
21000,201,1
20000,404,1
13000,200,1
15000,200,1
21000,201,1
31000,404,1
48000,200,1
24000,200,1
27000,201,1
43000,404,1
24000,200,1
26000,200,1
23000,201,1
14000,404,1
14000,200,1
21000,200,1
20000,201,1
21000,404,1
19000,200,1
20000,200,1
12000,201,1
14000,404,1
12000,200,1
20000,200,1
23000,201,1
18000,404,1
18000,200,1
21000,200,1
19000,201,1
11000,404,1
10000,200,1
11000,200,1
11000,201,1
10000,404,1
12000,200,1
23000,200,1
23000,201,1
17000,404,1
17000,200,1
16000,200,1
20000,201,1
22000,404,1
17000,200,1
29000,200,1
16000,201,1
14000,404,1
12000,200,1
19000,200,1
25000,201,1
26000,404,1
14000,200,1
24000,200,1
14000,201,1
14000,404,1
20000,200,1
20000,200,1
20000,201,1
0,404,1
18000,200,1
20000,200,1
13000,201,1
13000,404,1
13000,200,1
22000,200,1
21000,200,1
12000,200,1
12000,200,1
15000,200,1
23000,200,1
23000,201,1
19000,200,1
24000,200,1
16000,200,1
24000,201,1
15000,200,1
17000,200,1
16000,200,1
25000,201,1
13000,200,1
13000,200,1
12000,200,1
18000,201,1
18000,200,1
19000,200,1
23000,200,1
20000,201,1
21000,200,1
21000,200,1
20000,200,1
12000,201,1
13000,200,1
13000,200,1
23000,200,1
18000,201,1
19000,200,1
19000,200,1
21000,200,1
20000,201,1
20000,200,1
20000,200,1
12000,200,1
19000,201,1
21000,200,1
22000,200,1
20000,200,1
23000,201,1
19000,200,1
26000,200,1
15000,200,1
12000,201,1
13000,200,1
15000,200,1
24000,200,1
15000,201,1
16000,200,1
30000,200,1
25000,200,1
17000,201,1
21000,200,1
21000,200,1
13000,200,1
14000,201,1
20000,200,1
20000,200,1
20000,200,1
22000,201,1
20000,200,1
21000,200,1
20000,200,1
13000,201,1
13000,200,1
12000,200,1
24000,201,1
19000,200,1
12000,200,1
13000,200,1
14000,201,1
22000,200,1
21000,200,1
13000,200,1
12000,404,1
13000,400,1
19000,200,1
20000,200,1
18000,201,1
19000,204,1
18000,200,1
22000,200,1
15000,201,1
10000,204,1
11000,204,1
18000,204,1
29000,404,1
34000,400,1
20000,200,1
23000,200,1
12000,201,1
17000,204,1
23000,200,1
15000,200,1
13000,201,1
18000,204,1
20000,200,1
20000,200,1
18000,201,1
19000,204,1
19000,200,1
18000,200,1
19000,201,1
18000,204,1
12000,200,1
12000,200,1
11000,201,1
11000,204,1
11000,200,1
11000,200,1
19000,201,1
18000,204,1
18000,200,1
11000,200,1
11000,201,1
11000,204,1
12000,200,1
11000,200,1
11000,201,1
12000,204,1
21000,200,1
20000,200,1
20000,201,1
19000,204,1
19000,200,1
18000,200,1
19000,201,1
19000,204,1
19000,200,1
22000,200,1
10000,201,1
22000,204,1
21000,200,1
12000,200,1
13000,201,1
13000,204,1
21000,200,1
21000,200,1
19000,201,1
20000,204,1
14000,200,1
10000,200,1
17000,201,1
11000,204,1
10000,200,1
14000,200,1
18000,201,1
18000,204,1
19000,200,1
19000,200,1
19000,201,1
19000,400,1
18000,200,1
19000,200,1
20000,200,1
18000,201,1
22000,200,1
19000,200,1
16000,200,1
12000,201,1
20000,200,1
19000,200,1
18000,200,1
19000,201,1
18000,200,1
19000,200,1
22000,200,1
24000,201,1
9000,200,1
10000,200,1
11000,200,1
11000,201,1
11000,200,1
11000,200,1
11000,200,1
11000,201,1
10000,200,1
10000,200,1
11000,200,1
10000,201,1
11000,200,1
10000,200,1
10000,200,1
11000,201,1
12000,200,1
23000,200,1
19000,200,1
18000,201,1
19000,200,1
18000,200,1
18000,200,1
20000,201,1
20000,200,1
20000,200,1
14000,200,1
11000,201,1
11000,200,1
18000,200,1
19000,200,1
18000,201,1
21000,200,1
19000,200,1
18000,200,1
22000,201,1
18000,200,1
19000,200,1
18000,200,1
20000,201,1
18000,200,1
15000,200,1
11000,200,1
13000,201,1
18000,200,1
19000,200,1
18000,200,1
19000,201,1
20000,200,1
20000,200,1
19000,200,1
19000,201,1
21000,200,1
20000,200,1
21000,200,1
20000,201,1
18000,200,1
18000,200,1
19000,200,1
18000,201,1
19000,200,1
19000,200,1
23000,200,1
11000,201,1
19000,200,1
18000,200,1
19000,200,1
18000,200,1
19000,200,1
18000,200,1
20000,200,1
19000,201,1
18000,200,1
18000,200,1
19000,200,1
18000,201,1
19000,200,1
18000,200,1
18000,200,1
19000,201,1
23000,200,1
10000,200,1
10000,200,1
10000,201,1
11000,200,1
14000,200,1
14000,200,1
19000,201,1
19000,200,1
12000,200,1
14000,200,1
11000,201,1
11000,200,1
21000,200,1
18000,200,1
19000,201,1
18000,200,1
20000,200,1
16000,200,1
18000,201,1
19000,200,1
19000,200,1
19000,201,1
18000,404,1
18000,200,1
18000,200,1
20000,201,1
21000,404,1
19000,200,1
18000,200,1
19000,201,1
19000,404,1
18000,200,1
19000,200,1
18000,201,1
20000,404,1
12000,200,1
13000,200,1
11000,201,1
11000,404,1
11000,200,1
18000,200,1
19000,201,1
19000,404,1
19000,200,1
17000,200,1
18000,201,1
19000,404,1
19000,200,1
21000,200,1
18000,201,1
19000,404,1
22000,200,1
20000,200,1
27000,201,1
13000,404,1
11000,200,1
13000,200,1
20000,201,1
21000,404,1
21000,200,1
14000,200,1
13000,201,1
26000,404,1
11000,200,1
12000,200,1
12000,201,1
13000,404,1
19000,200,1
19000,200,1
22000,201,1
24000,404,1
22000,200,1
11000,200,1
27000,201,1
17000,404,1
20000,200,1
18000,200,1
19000,201,1
19000,404,1
20000,200,1
18000,200,1
20000,201,1
19000,404,1
20000,200,1
14000,200,1
11000,201,1
12000,404,1
18000,200,1
18000,200,1
18000,201,1
19000,400,1
20000,200,1
18000,200,1
17000,201,1
24000,400,1
12000,200,1
16000,200,1
25000,201,1
11000,400,1
12000,200,1
12000,200,1
11000,201,1
10000,400,1
11000,200,1
10000,200,1
12000,201,1
17000,404,1
19000,200,1
18000,200,1
19000,200,1
18000,200,1
19000,200,1
18000,200,1
19000,200,1
23000,200,1
18000,302,1
23000,200,1
19000,200,1
20000,200,1
20000,200,1
20000,302,1
10000,200,1
11000,200,1
13000,200,1
17000,200,1
18000,302,1
18000,200,1
18000,200,1
19000,200,1
19000,200,1
19000,302,1
18000,200,1
13000,200,1
24000,200,1
9000,200,1
11000,302,1
11000,200,1
11000,200,1
11000,200,1
12000,200,1
32000,302,1
31000,200,1
21000,200,1
19000,200,1
18000,200,1
19000,302,1
20000,200,1
19000,200,1
18000,200,1
19000,200,1
15000,200,1
19000,200,1
21000,200,1
20000,200,1
19000,200,1
18000,200,1
19000,200,1
18000,200,1
20000,200,1
19000,200,1
19000,200,1
18000,200,1
19000,200,1
19000,200,1
18000,200,1
19000,404,1
19000,200,1
19000,200,1
20000,200,1
20000,200,1
19000,404,1
20000,200,1
23000,200,1
19000,200,1
19000,200,1
19000,200,1
19000,200,1
19000,200,1
20000,200,1
19000,200,1
20000,200,1
19000,200,1
18000,200,1
18000,200,1
19000,200,1
18000,200,1
19000,200,1
12000,200,1
12000,200,1
13000,200,1
19000,400,1
18000,200,1
18000,200,1
19000,200,1
18000,200,1
19000,400,1
10000,200,1
19000,200,1
19000,200,1
18000,200,1
19000,404,1
19000,200,1
23000,200,1
11000,200,1
10000,200,1
23000,404,1
19000,200,1
10000,200,1
12000,200,1
11000,200,1
10000,404,1
11000,200,1
11000,200,1
11000,200,1
18000,200,1
20000,404,1
21000,200,1
21000,200,1
13000,200,1
13000,200,1
20000,404,1
20000,200,1
21000,200,1
20000,200,1
18000,200,1
20000,404,1
20000,200,1
21000,200,1
20000,200,1
10000,200,1
11000,404,1
12000,200,1
10000,200,1
13000,200,1
21000,200,1
19000,404,1
18000,200,1
19000,200,1
19000,200,1
20000,200,1
12000,400,1
12000,200,1
20000,200,1
22000,200,1
13000,200,1
13000,400,1
20000,200,1
18000,200,1
19000,200,1
18000,200,1
19000,404,1
19000,200,1
19000,200,1
21000,200,1
19000,200,1
20000,404,1
21000,200,1
10000,200,1
13000,200,1
13000,200,1
12000,404,1
21000,200,1
21000,200,1
23000,200,1
24000,200,1
11000,404,1
11000,200,1
11000,200,1
11000,200,1
11000,200,1
11000,200,1
11000,200,1
19000,200,1
19000,200,1
23000,200,1
18000,400,1
19000,200,1
18000,200,1
19000,200,1
19000,200,1
19000,400,1
19000,200,1
20000,200,1
19000,200,1
20000,200,1
28000,200,1
19000,200,1
26000,200,1
18000,200,1
26000,200,1
18000,404,1
25000,200,1
21000,200,1
26000,200,1
13000,200,1
11000,404,1
19000,200,1
18000,200,1
21000,200,1
19000,200,1
19000,404,1
22000,200,1
14000,200,1
18000,200,1
12000,200,1
10000,404,1
10000,200,1
11000,200,1
11000,200,1
10000,200,1
11000,400,1
11000,200,1
12000,200,1
11000,200,1
19000,200,1
18000,400,1
19000,200,1
18000,200,1
18000,200,1
19000,200,1
18000,404,1
18000,200,1
21000,200,1
19000,200,1
12000,200,1
11000,404,1
11000,200,1
11000,200,1
11000,200,1
19000,200,1
22000,404,1
19000,200,1
19000,200,1
20000,200,1
24000,200,1
10000,404,1
11000,200,1
11000,200,1
11000,200,1
11000,200,1
11000,200,1
11000,200,1
10000,200,1
12000,200,1
21000,200,1
18000,201,1
19000,200,1
19000,200,1
19000,200,1
19000,200,1
18000,201,1
21000,200,1
24000,200,1
11000,200,1
20000,200,1
20000,201,1
20000,200,1
10000,200,1
10000,200,1
10000,200,1
11000,201,1
11000,200,1
12000,200,1
14000,200,1
22000,200,1
17000,201,1
25000,200,1
14000,200,1
21000,200,1
21000,200,1
20000,201,1
19000,200,1
18000,200,1
19000,200,1
18000,200,1
18000,201,1
20000,200,1
14000,200,1
10000,200,1
10000,200,1
11000,201,1
10000,200,1
16000,200,1
24000,200,1
19000,200,1
25000,201,1
14000,200,1
18000,200,1
23000,200,1
14000,200,1
19000,201,1
24000,200,1
18000,200,1
17000,200,1
22000,200,1
19000,201,1
19000,200,1
19000,200,1
18000,200,1
19000,200,1
20000,201,1
21000,200,1
19000,200,1
19000,200,1
19000,200,1
19000,201,1
18000,200,1
18000,200,1
20000,200,1
19000,200,1
18000,201,1
20000,200,1
21000,200,1
20000,200,1
19000,200,1
10000,201,1
11000,200,1
11000,200,1
11000,200,1
11000,200,1
11000,201,1
15000,200,1
25000,200,1
10000,200,1
11000,200,1
10000,200,1
10000,200,1
11000,200,1
18000,200,1
19000,200,1
19000,201,1
20000,200,1
21000,200,1
21000,200,1
18000,200,1
18000,201,1
19000,200,1
19000,200,1
18000,200,1
19000,200,1
21000,201,1
18000,200,1
16000,200,1
11000,200,1
11000,200,1
19000,201,1
18000,200,1
19000,200,1
18000,200,1
19000,200,1
20000,201,1
19000,200,1
17000,200,1
17000,200,1
12000,200,1
15000,201,1
13000,200,1
10000,200,1
15000,200,1
13000,200,1
14000,201,1
10000,200,1
12000,200,1
11000,200,1
11000,200,1
12000,201,1
11000,200,1
11000,200,1
11000,200,1
19000,200,1
19000,201,1
18000,200,1
19000,200,1
19000,200,1
18000,200,1
19000,201,1
18000,200,1
20000,200,1
21000,200,1
19000,200,1
19000,201,1
19000,200,1
17000,200,1
24000,200,1
11000,200,1
12000,201,1
11000,200,1
11000,200,1
12000,200,1
11000,200,1
11000,201,1
11000,200,1
10000,200,1
10000,200,1
18000,200,1
18000,201,1
19000,200,1
18000,200,1
19000,200,1
18000,200,1
19000,201,1
19000,200,1
18000,200,1
19000,200,1
22000,200,1
25000,201,1
12000,200,1
12000,200,1
11000,200,1
10000,201,1
10000,200,1
11000,200,1
18000,200,1
19000,200,1
18000,201,1
17000,200,1
22000,200,1
18000,200,1
19000,404,1
18000,400,1
18000,200,1
19000,200,1
18000,200,1
18000,201,1
19000,204,1
18000,200,1
18000,200,1
21000,200,1
18000,201,1
19000,204,1
20000,204,1
18000,204,1
19000,404,1
18000,400,1
19000,200,1
18000,200,1
19000,200,1
17000,201,1
22000,204,1
19000,200,1
18000,200,1
18000,200,1
18000,201,1
18000,204,1
19000,200,1
18000,200,1
18000,200,1
19000,201,1
17000,204,1
18000,200,1
22000,200,1
21000,200,1
18000,201,1
19000,204,1
19000,200,1
18000,200,1
19000,200,1
18000,201,1
19000,204,1
19000,200,1
9000,200,1
11000,200,1
11000,201,1
10000,204,1
10000,200,1
11000,200,1
11000,200,1
11000,201,1
11000,204,1
11000,200,1
13000,200,1
12000,200,1
12000,201,1
11000,204,1
11000,200,1
12000,200,1
18000,200,1
20000,201,1
21000,204,1
18000,200,1
19000,200,1
18000,200,1
10000,201,1
17000,204,1
19000,200,1
18000,200,1
18000,200,1
18000,201,1
19000,204,1
18000,200,1
22000,200,1
18000,200,1
20000,201,1
18000,204,1
18000,200,1
20000,200,1
18000,200,1
18000,201,1
19000,204,1
18000,200,1
18000,200,1
18000,200,1
18000,201,1
22000,204,1
23000,200,1
19000,200,1
19000,200,1
21000,201,1
18000,204,1
19000,200,1
19000,200,1
19000,200,1
18000,200,1
18000,201,1
19000,200,1
10000,200,1
13000,200,1
11000,200,1
10000,201,1
11000,200,1
11000,200,1
11000,200,1
18000,200,1
19000,201,1
19000,200,1
20000,200,1
12000,200,1
11000,200,1
11000,201,1
11000,200,1
11000,200,1
12000,200,1
19000,200,1
19000,201,1
19000,200,1
18000,200,1
19000,200,1
18000,200,1
19000,201,1
18000,200,1
18000,200,1
19000,200,1
18000,200,1
19000,201,1
18000,200,1
19000,200,1
21000,200,1
22000,200,1
12000,201,1
15000,200,1
12000,200,1
13000,200,1
17000,200,1
12000,201,1
12000,200,1
19000,200,1
12000,200,1
12000,200,1
16000,201,1
15000,200,1
11000,200,1
11000,200,1
11000,200,1
18000,201,1
20000,200,1
18000,200,1
19000,200,1
18000,200,1
18000,201,1
23000,200,1
24000,200,1
11000,200,1
11000,200,1
11000,201,1
12000,200,1
11000,200,1
12000,200,1
21000,200,1
21000,201,1
18000,200,1
20000,200,1
23000,200,1
21000,200,1
20000,201,1
20000,200,1
20000,200,1
19000,200,1
18000,200,1
21000,201,1
18000,200,1
18000,200,1
19000,200,1
22000,200,1
10000,201,1
11000,200,1
11000,200,1
10000,200,1
13000,200,1
11000,201,1
11000,200,1
11000,200,1
18000,200,1
19000,200,1
26000,201,1
12000,200,1
11000,200,1
0,200,1
14000,200,1
25000,201,1
10000,200,1
11000,200,1
11000,200,1
11000,200,1
11000,200,1
11000,200,1
13000,200,1
12000,200,1
11000,200,1
10000,201,1
13000,200,1
18000,200,1
19000,200,1
18000,200,1
18000,201,1
20000,200,1
12000,200,1
11000,200,1
11000,200,1
10000,201,1
11000,200,1
14000,200,1
19000,200,1
18000,200,1
19000,201,1
18000,200,1
20000,200,1
17000,200,1
21000,200,1
21000,201,1
20000,200,1
13000,200,1
16000,200,1
21000,200,1
22000,201,1
12000,200,1
13000,200,1
12000,200,1
20000,200,1
21000,201,1
20000,200,1
21000,200,1
13000,200,1
13000,200,1
13000,201,1
20000,200,1
19000,200,1
20000,200,1
22000,200,1
15000,400,1
12000,200,1
19000,200,1
18000,200,1
19000,200,1
18000,400,1
18000,200,1
18000,200,1
19000,200,1
18000,200,1
20000,400,1
18000,200,1
19000,200,1
19000,200,1
18000,200,1
20000,400,1
21000,200,1
18000,200,1
19000,200,1
19000,200,1
20000,400,1
19000,200,1
15000,200,1
11000,200,1
11000,200,1
12000,400,1
18000,200,1
18000,200,1
19000,200,1
18000,200,1
19000,400,1
19000,200,1
19000,200,1
12000,200,1
24000,200,1
25000,400,1
16000,200,1
12000,200,1
10000,200,1
10000,200,1
11000,400,1
11000,200,1
11000,200,1
11000,200,1
11000,200,1
10000,400,1
12000,200,1
20000,200,1
9000,200,1
18000,200,1
19000,400,1
9000,200,1
18000,200,1
10000,200,1
10000,200,1
11000,400,1
11000,200,1
16000,200,1
16000,200,1
16000,200,1
25000,404,1
24000,200,1
14000,200,1
15000,200,1
13000,200,1
20000,400,1
21000,200,1
21000,200,1
21000,200,1
9000,200,1
11000,400,1
11000,200,1
11000,200,1
11000,200,1
17000,200,1
18000,400,1
18000,200,1
18000,200,1
21000,200,1
18000,200,1
14000,400,1
16000,200,1
13000,200,1
13000,200,1
24000,200,1
20000,400,1
16000,200,1
12000,200,1
15000,200,1
13000,200,1
12000,400,1
20000,200,1
16000,200,1
15000,200,1
13000,200,1
16000,400,1
13000,200,1
14000,200,1
25000,200,1
15000,200,1
13000,400,1
21000,200,1
20000,200,1
21000,200,1
20000,200,1
13000,400,1
13000,200,1
20000,200,1
18000,200,1
18000,200,1
20000,400,1
20000,200,1
19000,200,1
19000,200,1
18000,200,1
18000,400,1
18000,200,1
19000,200,1
17000,200,1
18000,200,1
18000,400,1
19000,200,1
18000,200,1
19000,200,1
18000,200,1
18000,400,1
19000,200,1
19000,200,1
19000,200,1
20000,200,1
20000,400,1
20000,200,1
19000,200,1
18000,200,1
19000,200,1
18000,400,1
19000,200,1
18000,200,1
18000,200,1
19000,200,1
13000,400,1
14000,200,1
21000,200,1
22000,200,1
20000,200,1
14000,400,1
25000,200,1
21000,200,1
20000,200,1
14000,200,1
0,400,1
16000,200,1
19000,200,1
18000,200,1
19000,200,1
20000,400,1
20000,200,1
19000,200,1
10000,200,1
11000,200,1
10000,400,1
11000,200,1
27000,200,1
13000,200,1
21000,200,1
21000,500,1
20000,200,1
21000,200,1
12000,200,1
12000,200,1
11000,500,1
11000,200,1
11000,200,1
14000,200,1
11000,200,1
10000,500,1
11000,200,1
19000,200,1
19000,200,1
18000,200,1
12000,500,1
11000,200,1
11000,200,1
11000,200,1
16000,200,1
18000,500,1
18000,200,1
18000,200,1
19000,200,1
19000,200,1
18000,200,1
18000,200,1
19000,200,1
18000,200,1
15000,200,1
19000,500,1
21000,200,1
18000,200,1
19000,200,1
18000,200,1
19000,200,1
21000,200,1
19000,200,1
22000,200,1
19000,200,1
19000,200,1
14000,200,1
13000,200,1
13000,200,1
20000,200,1
19000,200,1
21000,200,1
18000,200,1
19000,200,1
19000,200,1
19000,200,1
18000,200,1
18000,200,1
14000,200,1
11000,200,1
12000,200,1
14000,200,1
19000,200,1
19000,200,1
18000,200,1
18000,200,1
19000,200,1
18000,200,1
18000,200,1
21000,200,1
25000,200,1
11000,200,1
17000,200,1
15000,200,1
20000,200,1
23000,200,1
14000,200,1
12000,200,1
11000,200,1
12000,200,1
14000,200,1
19000,200,1
22000,200,1
18000,200,1
19000,200,1
18000,200,1
20000,200,1
17000,200,1
18000,200,1
17000,200,1
16000,200,1
11000,200,1
12000,200,1
26000,200,1
18000,200,1
18000,201,1
19000,200,1
19000,200,1
18000,200,1
18000,200,1
19000,200,1
19000,201,1
18000,200,1
20000,200,1
19000,200,1
21000,200,1
15000,200,1
14000,201,1
19000,200,1
18000,200,1
19000,200,1
19000,200,1
18000,200,1
19000,201,1
22000,200,1
9000,200,1
10000,200,1
12000,200,1
18000,200,1
19000,201,1
19000,200,1
18000,200,1
19000,200,1
19000,200,1
18000,200,1
19000,201,1
18000,200,1
19000,200,1
18000,200,1
20000,200,1
25000,200,1
10000,201,1
11000,200,1
11000,200,1
12000,200,1
11000,200,1
10000,200,1
11000,201,1
11000,200,1
11000,200,1
19000,200,1
19000,200,1
16000,200,1
20000,201,1
18000,200,1
19000,200,1
18000,200,1
21000,200,1
18000,200,1
18000,201,1
19000,200,1
18000,200,1
20000,200,1
19000,200,1
25000,200,1
22000,201,1
19000,200,1
18000,200,1
19000,200,1
18000,200,1
18000,200,1
17000,201,1
19000,200,1
18000,200,1
20000,200,1
14000,200,1
12000,200,1
12000,201,1
12000,200,1
13000,200,1
19000,200,1
18000,200,1
18000,200,1
18000,201,1
19000,200,1
18000,200,1
20000,200,1
19000,200,1
11000,200,1
11000,201,1
11000,200,1
11000,200,1
11000,200,1
11000,200,1
18000,200,1
19000,201,1
18000,200,1
18000,200,1
19000,200,1
19000,200,1
11000,201,1
14000,404,1
11000,200,1
12000,200,1
12000,200,1
18000,200,1
18000,201,1
19000,404,1
18000,200,1
18000,200,1
18000,200,1
20000,200,1
25000,201,1
10000,404,1
12000,200,1
11000,200,1
14000,200,1
11000,200,1
19000,201,1
19000,404,1
19000,200,1
18000,200,1
20000,200,1
21000,200,1
11000,201,1
10000,404,1
10000,200,1
11000,200,1
11000,200,1
11000,200,1
10000,201,1
11000,404,1
11000,200,1
11000,200,1
20000,200,1
21000,200,1
21000,201,1
16000,404,1
26000,200,1
18000,200,1
22000,200,1
18000,200,1
17000,201,1
12000,404,1
14000,200,1
16000,200,1
12000,200,1
12000,200,1
13000,201,1
11000,404,1
26000,200,1
10000,200,1
12000,200,1
12000,200,1
12000,201,1
14000,404,1
25000,200,1
11000,200,1
12000,200,1
18000,200,1
13000,201,1
15000,404,1
12000,200,1
9000,200,1
12000,200,1
15000,200,1
19000,201,1
35000,404,1
19000,200,1
18000,200,1
19000,200,1
20000,200,1
19000,201,1
19000,404,1
18000,200,1
18000,200,1
19000,200,1
20000,200,1
19000,201,1
20000,404,1
18000,200,1
20000,200,1
18000,200,1
19000,200,1
18000,201,1
18000,404,1
19000,200,1
18000,200,1
18000,200,1
19000,200,1
19000,201,1
19000,404,1
25000,200,1
18000,200,1
11000,200,1
13000,200,1
11000,201,1
12000,404,1
11000,200,1
18000,200,1
19000,200,1
18000,200,1
19000,201,1
24000,404,1
17000,200,1
18000,200,1
19000,200,1
20000,200,1
20000,200,1
19000,200,1
19000,200,1
18000,200,1
19000,200,1
18000,200,1
19000,200,1
20000,201,1
11000,200,1
10000,200,1
11000,200,1
12000,200,1
22000,200,1
18000,201,1
19000,200,1
19000,200,1
19000,200,1
18000,200,1
21000,200,1
19000,201,1
19000,200,1
18000,200,1
19000,200,1
18000,200,1
19000,200,1
18000,201,1
18000,200,1
19000,200,1
19000,200,1
19000,200,1
20000,200,1
19000,201,1
14000,200,1
11000,200,1
11000,200,1
19000,200,1
19000,200,1
20000,201,1
18000,200,1
18000,200,1
19000,200,1
19000,200,1
20000,200,1
19000,201,1
25000,200,1
11000,200,1
11000,200,1
11000,200,1
10000,200,1
10000,201,1
11000,200,1
11000,200,1
11000,200,1
11000,200,1
11000,200,1
10000,201,1
23000,200,1
19000,200,1
20000,200,1
18000,200,1
23000,200,1
31000,201,1
24000,200,1
33000,200,1
26000,200,1
23000,200,1
39000,200,1
25000,201,1
24000,200,1
27000,200,1
32000,200,1
29000,200,1
25000,200,1
28000,201,1
27000,200,1
17000,200,1
20000,200,1
19000,200,1
20000,200,1
19000,201,1
11000,200,1
11000,200,1
23000,200,1
23000,200,1
12000,200,1
12000,201,1
13000,200,1
20000,200,1
20000,200,1
21000,200,1
20000,200,1
20000,201,1
11000,200,1
11000,200,1
10000,200,1
25000,200,1
13000,200,1
14000,201,1
19000,200,1
26000,200,1
21000,200,1
14000,200,1
17000,201,1
21000,200,1
11000,200,1
12000,200,1
12000,200,1
1000,200,1
17000,201,1
23000,200,1
20000,200,1
11000,200,1
11000,404,1
11000,400,1
11000,200,1
11000,200,1
10000,200,1
11000,200,1
11000,201,1
17000,204,1
18000,200,1
21000,200,1
18000,200,1
19000,200,1
18000,201,1
18000,204,1
18000,204,1
19000,204,1
21000,404,1
18000,400,1
19000,200,1
18000,200,1
18000,200,1
16000,200,1
29000,201,1
29000,204,1
19000,200,1
20000,200,1
20000,200,1
25000,200,1
13000,201,1
14000,204,1
16000,200,1
19000,200,1
21000,200,1
12000,200,1
12000,201,1
24000,204,1
19000,200,1
11000,200,1
11000,200,1
11000,200,1
12000,201,1
12000,204,1
20000,200,1
18000,200,1
19000,200,1
20000,200,1
18000,201,1
20000,204,1
24000,200,1
18000,200,1
10000,200,1
11000,200,1
11000,201,1
12000,204,1
15000,200,1
29000,200,1
19000,200,1
21000,200,1
25000,201,1
29000,204,1
30000,200,1
28000,200,1
18000,200,1
25000,200,1
30000,201,1
31000,204,1
29000,200,1
15000,200,1
53000,200,1
25000,200,1
42000,201,1
24000,204,1
13000,200,1
13000,200,1
16000,200,1
22000,200,1
16000,201,1
25000,204,1
16000,200,1
17000,200,1
12000,200,1
14000,200,1
23000,201,1
19000,204,1
11000,200,1
11000,200,1
19000,200,1
13000,200,1
12000,201,1
19000,204,1
13000,200,1
23000,200,1
11000,200,1
52000,200,1
31000,201,1
39000,204,1
26000,200,1
39000,200,1
46000,200,1
27000,200,1
21000,201,1
22000,204,1
16000,200,1
29000,200,1
12000,200,1
23000,200,1
20000,201,1
22000,204,1
17000,200,1
31000,200,1
31000,200,1
26000,200,1
17000,201,1
22000,400,1
24000,200,1
15000,200,1
15000,200,1
24000,200,1
14000,200,1
13000,201,1
22000,200,1
20000,200,1
20000,200,1
19000,200,1
19000,200,1
22000,201,1
11000,200,1
16000,200,1
20000,200,1
22000,200,1
13000,200,1
12000,201,1
13000,200,1
21000,200,1
22000,200,1
11000,200,1
13000,200,1
12000,201,1
10000,200,1
18000,200,1
24000,200,1
12000,200,1
13000,200,1
13000,201,1
20000,200,1
21000,200,1
20000,200,1
21000,200,1
12000,200,1
13000,201,1
23000,200,1
12000,200,1
17000,200,1
23000,200,1
13000,200,1
13000,201,1
13000,200,1
21000,200,1
19000,200,1
10000,200,1
14000,200,1
15000,201,1
20000,200,1
21000,200,1
22000,200,1
96000,200,1
45000,200,1
32000,201,1
23000,200,1
19000,200,1
13000,200,1
12000,200,1
11000,200,1
17000,201,1
13000,200,1
17000,200,1
29000,200,1
43000,200,1
22000,200,1
20000,201,1
29000,200,1
33000,200,1
14000,200,1
66000,200,1
59000,200,1
44000,201,1
28000,200,1
20000,200,1
26000,200,1
23000,200,1
15000,200,1
12000,201,1
13000,200,1
12000,200,1
21000,200,1
22000,200,1
11000,200,1
17000,201,1
23000,200,1
16000,200,1
14000,200,1
23000,200,1
16000,200,1
17000,201,1
13000,200,1
13000,200,1
21000,200,1
20000,200,1
22000,200,1
13000,201,1
12000,200,1
13000,200,1
21000,200,1
21000,200,1
12000,200,1
13000,201,1
14000,200,1
19000,200,1
30000,200,1
24000,200,1
25000,200,1
19000,201,1
22000,200,1
15000,200,1
15000,200,1
23000,200,1
13000,200,1
14000,201,1
30000,200,1
26000,200,1
20000,200,1
23000,200,1
14000,200,1
18000,201,1
23000,200,1
14000,200,1
26000,200,1
17000,200,1
23000,200,1
12000,200,1
18000,200,1
24000,200,1
14000,200,1
21000,200,1
15000,200,1
22000,201,1
25000,200,1
23000,200,1
16000,200,1
22000,200,1
22000,200,1
21000,201,1
17000,200,1
22000,200,1
20000,200,1
13000,200,1
14000,200,1
15000,201,1
13000,200,1
19000,200,1
23000,200,1
14000,200,1
13000,200,1
23000,201,1
12000,200,1
14000,200,1
21000,200,1
20000,200,1
25000,200,1
10000,201,1
14000,200,1
12000,200,1
20000,200,1
22000,200,1
12000,200,1
15000,201,1
22000,200,1
11000,200,1
14000,200,1
14000,200,1
21000,200,1
23000,201,1
14000,200,1
18000,200,1
24000,200,1
14000,200,1
24000,200,1
13000,201,1
14000,200,1
21000,200,1
22000,200,1
12000,200,1
15000,201,1
22000,404,1
12000,200,1
15000,200,1
14000,200,1
25000,200,1
13000,201,1
17000,404,1
25000,200,1
18000,200,1
23000,200,1
13000,200,1
16000,201,1
21000,404,1
22000,200,1
14000,200,1
19000,200,1
23000,200,1
11000,201,1
13000,404,1
13000,200,1
12000,200,1
23000,200,1
21000,200,1
12000,201,1
13000,404,1
21000,200,1
22000,200,1
20000,200,1
18000,200,1
15000,201,1
18000,404,1
16000,200,1
22000,200,1
21000,200,1
14000,200,1
15000,201,1
22000,404,1
20000,200,1
13000,200,1
13000,200,1
23000,200,1
20000,201,1
13000,404,1
14000,200,1
23000,200,1
12000,200,1
15000,200,1
22000,201,1
12000,404,1
13000,200,1
13000,200,1
23000,200,1
19000,200,1
20000,201,1
27000,404,1
25000,200,1
30000,200,1
37000,200,1
31000,200,1
20000,201,1
23000,404,1
18000,200,1
12000,200,1
12000,200,1
13000,200,1
22000,201,1
11000,404,1
23000,200,1
11000,200,1
19000,200,1
13000,200,1
16000,201,1
25000,404,1
25000,200,1
25000,200,1
19000,200,1
21000,200,1
20000,201,1
20000,404,1
22000,200,1
12000,200,1
13000,200,1
14000,200,1
20000,201,1
23000,404,1
13000,200,1
14000,200,1
35000,200,1
25000,200,1
10000,201,1
25000,404,1
25000,200,1
24000,200,1
25000,200,1
20000,200,1
18000,201,1
13000,404,1
11000,200,1
18000,200,1
26000,200,1
17000,200,1
19000,201,1
25000,400,1
17000,200,1
24000,200,1
12000,200,1
13000,200,1
11000,201,1
12000,400,1
19000,200,1
20000,200,1
21000,200,1
11000,200,1
0,201,1
23000,400,1
42000,200,1
32000,200,1
15000,200,1
32000,200,1
14000,201,1
17000,400,1
26000,200,1
26000,200,1
15000,200,1
28000,200,1
17000,201,1
29000,404,1
13000,200,1
16000,200,1
25000,200,1
15000,200,1
21000,200,1
16000,200,1
27000,200,1
16000,200,1
25000,200,1
15000,200,1
24000,200,1
10000,200,1
17000,302,1
17000,200,1
20000,200,1
19000,200,1
19000,200,1
20000,200,1
19000,200,1
20000,302,1
20000,200,1
19000,200,1
12000,200,1
11000,200,1
11000,200,1
11000,200,1
16000,302,1
13000,200,1
24000,200,1
22000,200,1
19000,200,1
23000,200,1
19000,200,1
11000,302,1
12000,200,1
12000,200,1
10000,200,1
13000,200,1
8000,200,1
22000,200,1
12000,302,1
11000,200,1
11000,200,1
19000,200,1
19000,200,1
19000,200,1
19000,200,1
19000,302,1
19000,200,1
18000,200,1
20000,200,1
20000,200,1
18000,200,1
19000,200,1
20000,302,1
18000,200,1
19000,200,1
19000,200,1
19000,200,1
19000,200,1
20000,200,1
19000,200,1
19000,200,1
19000,200,1
19000,200,1
26000,200,1
12000,200,1
11000,200,1
12000,200,1
12000,200,1
20000,200,1
20000,200,1
20000,200,1
18000,200,1
13000,200,1
10000,200,1
12000,200,1
11000,200,1
15000,200,1
12000,200,1
21000,200,1
20000,200,1
24000,404,1
16000,200,1
26000,200,1
20000,200,1
20000,200,1
27000,200,1
15000,200,1
24000,404,1
19000,200,1
13000,200,1
19000,200,1
11000,200,1
11000,200,1
12000,200,1
11000,200,1
12000,200,1
12000,200,1
19000,200,1
19000,200,1
21000,200,1
9000,200,1
12000,200,1
15000,200,1
23000,200,1
23000,200,1
13000,200,1
13000,200,1
21000,200,1
21000,200,1
14000,200,1
14000,200,1
15000,200,1
12000,200,1
13000,200,1
17000,200,1
21000,400,1
12000,200,1
16000,200,1
23000,200,1
17000,200,1
25000,200,1
16000,200,1
15000,400,1
24000,200,1
12000,200,1
18000,200,1
24000,200,1
15000,200,1
26000,200,1
21000,404,1
12000,200,1
14000,200,1
21000,200,1
16000,200,1
11000,200,1
15000,200,1
17000,404,1
21000,200,1
21000,200,1
13000,200,1
13000,200,1
21000,200,1
22000,200,1
22000,404,1
21000,200,1
21000,200,1
22000,200,1
15000,200,1
23000,200,1
15000,200,1
19000,404,1
14000,200,1
17000,200,1
22000,200,1
13000,200,1
14000,200,1
20000,200,1
26000,404,1
22000,200,1
23000,200,1
15000,200,1
14000,200,1
24000,200,1
13000,200,1
14000,404,1
25000,200,1
14000,200,1
13000,200,1
0,200,1
14000,200,1
15000,200,1
28000,404,1
27000,200,1
14000,200,1
14000,200,1
20000,200,1
23000,200,1
13000,200,1
13000,404,1
23000,200,1
21000,200,1
13000,200,1
16000,200,1
23000,200,1
11000,200,1
16000,400,1
26000,200,1
19000,200,1
24000,200,1
15000,200,1
24000,200,1
13000,200,1
15000,400,1
23000,200,1
11000,200,1
14000,200,1
26000,200,1
15000,200,1
26000,200,1
16000,404,1
0,200,1
29000,200,1
14000,200,1
24000,200,1
16000,200,1
23000,200,1
13000,404,1
14000,200,1
28000,200,1
26000,200,1
21000,200,1
20000,200,1
28000,200,1
19000,404,1
19000,200,1
21000,200,1
15000,200,1
14000,200,1
17000,200,1
24000,200,1
20000,404,1
26000,200,1
20000,200,1
15000,200,1
22000,200,1
14000,200,1
18000,200,1
24000,200,1
36000,200,1
33000,200,1
17000,200,1
33000,200,1
28000,200,1
32000,200,1
35000,400,1
38000,200,1
23000,200,1
14000,200,1
15000,200,1
21000,200,1
25000,200,1
15000,400,1
24000,200,1
14000,200,1
21000,200,1
18000,200,1
20000,200,1
17000,200,1
26000,200,1
18000,200,1
22000,200,1
22000,200,1
14000,200,1
14000,200,1
25000,200,1
12000,404,1
12000,200,1
16000,200,1
21000,200,1
20000,200,1
23000,200,1
18000,200,1
29000,404,1
20000,200,1
26000,200,1
19000,200,1
15000,200,1
16000,200,1
27000,200,1
29000,404,1
19000,200,1
22000,200,1
10000,200,1
14000,200,1
13000,200,1
22000,200,1
21000,404,1
16000,200,1
23000,200,1
19000,200,1
11000,200,1
17000,200,1
15000,200,1
21000,400,1
15000,200,1
28000,200,1
16000,200,1
13000,200,1
17000,200,1
16000,200,1
20000,400,1
20000,200,1
26000,200,1
24000,200,1
15000,200,1
27000,200,1
16000,200,1
24000,404,1
16000,200,1
22000,200,1
13000,200,1
15000,200,1
23000,200,1
14000,200,1
15000,404,1
21000,200,1
12000,200,1
15000,200,1
22000,200,1
36000,200,1
25000,200,1
35000,404,1
31000,200,1
29000,200,1
22000,200,1
30000,200,1
20000,200,1
22000,200,1
14000,404,1
15000,200,1
23000,200,1
11000,200,1
14000,200,1
15000,200,1
21000,200,1
13000,200,1
16000,200,1
23000,200,1
16000,200,1
24000,200,1
21000,200,1
22000,200,1
16000,201,1
23000,200,1
18000,200,1
22000,200,1
12000,200,1
16000,200,1
24000,200,1
13000,201,1
15000,200,1
14000,200,1
17000,200,1
17000,200,1
17000,200,1
20000,200,1
23000,201,1
25000,200,1
23000,200,1
15000,200,1
17000,200,1
23000,200,1
16000,200,1
25000,201,1
14000,200,1
16000,200,1
18000,200,1
24000,200,1
21000,200,1
20000,200,1
27000,201,1
23000,200,1
19000,200,1
25000,200,1
16000,200,1
24000,200,1
16000,200,1
16000,201,1
21000,200,1
13000,200,1
16000,200,1
22000,200,1
13000,200,1
16000,200,1
24000,201,1
15000,200,1
30000,200,1
25000,200,1
18000,200,1
12000,200,1
13000,200,1
13000,201,1
22000,200,1
22000,200,1
15000,200,1
20000,200,1
12000,200,1
18000,200,1
18000,201,1
30000,200,1
24000,200,1
23000,200,1
26000,200,1
20000,200,1
36000,200,1
35000,201,1
30000,200,1
21000,200,1
24000,200,1
23000,200,1
21000,200,1
20000,200,1
21000,201,1
13000,200,1
24000,200,1
14000,200,1
15000,200,1
22000,200,1
12000,200,1
14000,201,1
21000,200,1
22000,200,1
25000,200,1
13000,200,1
23000,200,1
12000,200,1
36000,201,1
13000,200,1
16000,200,1
24000,200,1
13000,200,1
14000,200,1
21000,200,1
12000,201,1
14000,200,1
22000,200,1
22000,200,1
14000,200,1
15000,200,1
25000,200,1
15000,201,1
13000,200,1
26000,200,1
16000,200,1
18000,200,1
12000,200,1
18000,200,1
22000,201,1
23000,200,1
17000,200,1
25000,200,1
13000,200,1
13000,200,1
13000,200,1
24000,200,1
13000,200,1
16000,200,1
27000,200,1
46000,200,1
23000,200,1
22000,200,1
24000,201,1
21000,200,1
20000,200,1
26000,200,1
19000,200,1
16000,200,1
27000,200,1
17000,201,1
26000,200,1
26000,200,1
14000,200,1
13000,200,1
23000,200,1
12000,200,1
13000,201,1
23000,200,1
21000,200,1
10000,200,1
13000,200,1
13000,200,1
21000,200,1
21000,201,1
22000,200,1
11000,200,1
22000,200,1
20000,200,1
28000,200,1
25000,200,1
20000,201,1
13000,200,1
14000,200,1
20000,200,1
24000,200,1
21000,200,1
15000,200,1
23000,201,1
29000,200,1
18000,200,1
13000,200,1
23000,200,1
26000,200,1
16000,200,1
22000,201,1
13000,200,1
20000,200,1
23000,200,1
22000,200,1
15000,200,1
16000,200,1
22000,201,1
15000,200,1
14000,200,1
24000,200,1
14000,200,1
15000,200,1
20000,200,1
14000,201,1
13000,200,1
24000,200,1
13000,200,1
18000,200,1
24000,200,1
12000,200,1
14000,201,1
18000,200,1
13000,200,1
14000,200,1
25000,200,1
13000,200,1
25000,200,1
55000,201,1
37000,200,1
12000,200,1
24000,200,1
32000,200,1
28000,200,1
23000,200,1
27000,201,1
20000,200,1
16000,200,1
17000,200,1
25000,200,1
30000,200,1
23000,200,1
31000,201,1
16000,200,1
15000,200,1
19000,200,1
16000,200,1
18000,200,1
15000,200,1
16000,201,1
22000,200,1
22000,200,1
13000,200,1
13000,200,1
21000,200,1
21000,200,1
10000,201,1
22000,200,1
25000,200,1
13000,200,1
28000,200,1
13000,200,1
19000,200,1
14000,201,1
21000,200,1
20000,200,1
14000,200,1
42000,200,1
23000,200,1
20000,201,1
27000,200,1
15000,200,1
25000,200,1
18000,200,1
25000,200,1
11000,200,1
13000,201,1
14000,200,1
22000,200,1
13000,200,1
16000,404,1
13000,400,1
28000,200,1
74000,200,1
55000,200,1
29000,200,1
12000,200,1
25000,201,1
15000,204,1
25000,200,1
16000,200,1
24000,200,1
12000,200,1
19000,200,1
24000,201,1
17000,204,1
24000,204,1
25000,204,1
14000,404,1
13000,400,1
22000,200,1
13000,200,1
22000,200,1
21000,200,1
10000,200,1
10000,201,1
11000,204,1
11000,200,1
11000,200,1
12000,200,1
11000,200,1
11000,200,1
12000,201,1
18000,204,1
19000,200,1
18000,200,1
13000,200,1
21000,200,1
20000,200,1
22000,201,1
13000,204,1
13000,200,1
13000,200,1
21000,200,1
21000,200,1
11000,200,1
13000,201,1
14000,204,1
20000,200,1
37000,200,1
18000,200,1
14000,200,1
26000,200,1
17000,201,1
21000,204,1
22000,200,1
13000,200,1
13000,200,1
23000,200,1
11000,200,1
14000,201,1
31000,204,1
15000,200,1
22000,200,1
17000,200,1
20000,200,1
23000,200,1
18000,201,1
21000,204,1
21000,200,1
11000,200,1
13000,200,1
11000,200,1
17000,200,1
21000,201,1
21000,204,1
15000,200,1
11000,200,1
13000,200,1
11000,200,1
10000,200,1
13000,201,1
11000,204,1
13000,200,1
12000,200,1
21000,200,1
18000,200,1
19000,200,1
25000,201,1
13000,204,1
13000,200,1
13000,200,1
21000,200,1
21000,200,1
11000,200,1
13000,201,1
14000,204,1
16000,200,1
21000,200,1
19000,200,1
19000,200,1
19000,200,1
19000,201,1
19000,204,1
18000,200,1
18000,200,1
14000,200,1
14000,200,1
19000,200,1
19000,201,1
12000,204,1
22000,200,1
23000,200,1
20000,200,1
17000,200,1
25000,200,1
22000,201,1
13000,204,1
15000,200,1
23000,200,1
11000,200,1
14000,200,1
26000,200,1
19000,201,1
14000,204,1
13000,200,1
25000,200,1
12000,200,1
15000,200,1
26000,200,1
21000,200,1
12000,201,1
17000,200,1
25000,200,1
17000,200,1
24000,200,1
19000,200,1
14000,200,1
27000,201,1
22000,200,1
24000,200,1
18000,200,1
24000,200,1
17000,200,1
11000,200,1
13000,201,1
16000,200,1
23000,200,1
13000,200,1
15000,200,1
23000,200,1
15000,200,1
15000,201,1
22000,200,1
14000,200,1
15000,200,1
27000,200,1
16000,200,1
23000,200,1
15000,201,1
19000,200,1
20000,200,1
19000,200,1
22000,200,1
17000,200,1
22000,200,1
42000,201,1
22000,200,1
14000,200,1
22000,200,1
23000,200,1
13000,200,1
21000,200,1
23000,201,1
16000,200,1
27000,200,1
14000,200,1
19000,200,1
24000,200,1
12000,200,1
11000,201,1
16000,200,1
19000,200,1
25000,200,1
20000,200,1
12000,200,1
14000,200,1
17000,201,1
19000,200,1
19000,200,1
22000,200,1
19000,200,1
19000,200,1
18000,200,1
19000,201,1
19000,200,1
18000,200,1
18000,200,1
18000,200,1
18000,200,1
18000,200,1
20000,201,1
11000,200,1
12000,200,1
11000,200,1
11000,200,1
11000,200,1
19000,200,1
19000,201,1
23000,200,1
16000,200,1
14000,200,1
28000,200,1
18000,200,1
32000,200,1
23000,201,1
20000,200,1
21000,200,1
20000,200,1
15000,200,1
46000,200,1
26000,200,1
15000,201,1
20000,200,1
19000,200,1
15000,200,1
32000,200,1
13000,200,1
18000,200,1
22000,201,1
19000,200,1
27000,200,1
13000,200,1
12000,200,1
13000,200,1
12000,200,1
19000,201,1
20000,200,1
12000,200,1
23000,200,1
19000,200,1
12000,200,1
12000,200,1
12000,201,1
12000,200,1
12000,200,1
13000,200,1
20000,200,1
19000,200,1
19000,200,1
19000,201,1
19000,200,1
19000,200,1
20000,200,1
19000,200,1
20000,200,1
19000,200,1
19000,201,1
19000,200,1
16000,200,1
8000,200,1
16000,200,1
29000,200,1
24000,200,1
36000,201,1
24000,200,1
22000,200,1
14000,200,1
16000,200,1
21000,200,1
27000,200,1
22000,200,1
19000,200,1
20000,200,1
22000,200,1
15000,200,1
28000,200,1
27000,200,1
12000,201,1
15000,200,1
22000,200,1
20000,200,1
22000,200,1
21000,200,1
13000,200,1
15000,201,1
22000,200,1
24000,200,1
41000,200,1
32000,200,1
37000,200,1
71000,200,1
20000,201,1
22000,200,1
22000,200,1
21000,200,1
14000,200,1
13000,200,1
21000,200,1
22000,201,1
11000,200,1
13000,200,1
13000,200,1
23000,200,1
14000,200,1
14000,200,1
16000,201,1
25000,200,1
14000,200,1
15000,200,1
22000,200,1
18000,200,1
22000,200,1
13000,201,1
14000,200,1
23000,200,1
13000,200,1
14000,200,1
29000,200,1
16000,200,1
25000,201,1
18000,200,1
29000,200,1
31000,200,1
23000,200,1
16000,200,1
19000,200,1
23000,201,1
14000,200,1
15000,200,1
22000,200,1
13000,200,1
13000,200,1
19000,200,1
14000,400,1
23000,200,1
19000,200,1
23000,200,1
13000,200,1
36000,200,1
28000,200,1
13000,400,1
14000,200,1
22000,200,1
12000,200,1
14000,200,1
14000,200,1
23000,200,1
13000,400,1
17000,200,1
16000,200,1
14000,200,1
16000,200,1
23000,200,1
21000,200,1
21000,400,1
17000,200,1
26000,200,1
24000,200,1
15000,200,1
20000,200,1
26000,200,1
14000,400,1
13000,200,1
22000,200,1
11000,200,1
19000,200,1
23000,200,1
20000,200,1
25000,400,1
13000,200,1
13000,200,1
19000,200,1
25000,200,1
14000,200,1
24000,200,1
18000,400,1
19000,200,1
19000,200,1
19000,200,1
21000,200,1
19000,200,1
19000,200,1
19000,400,1
19000,200,1
20000,200,1
19000,200,1
12000,200,1
21000,200,1
20000,200,1
27000,400,1
28000,200,1
44000,200,1
25000,200,1
22000,200,1
20000,200,1
33000,200,1
21000,400,1
33000,200,1
21000,200,1
22000,200,1
25000,200,1
35000,200,1
33000,200,1
49000,400,1
19000,200,1
18000,200,1
19000,200,1
19000,200,1
20000,200,1
18000,200,1
15000,400,1
11000,200,1
19000,200,1
19000,200,1
18000,200,1
17000,200,1
18000,200,1
23000,404,1
19000,200,1
12000,200,1
11000,200,1
11000,200,1
11000,200,1
12000,200,1
21000,400,1
22000,200,1
28000,200,1
25000,200,1
34000,200,1
23000,200,1
19000,200,1
12000,400,1
17000,200,1
27000,200,1
38000,200,1
26000,200,1
37000,200,1
35000,200,1
45000,400,1
31000,200,1
28000,200,1
28000,200,1
36000,200,1
27000,200,1
17000,200,1
19000,400,1
20000,200,1
23000,200,1
31000,200,1
44000,200,1
17000,200,1
20000,200,1
20000,400,1
20000,200,1
18000,200,1
20000,200,1
19000,200,1
21000,200,1
19000,200,1
18000,400,1
10000,200,1
11000,200,1
12000,200,1
11000,200,1
11000,200,1
11000,200,1
14000,400,1
11000,200,1
15000,200,1
18000,200,1
19000,200,1
19000,200,1
20000,200,1
19000,400,1
19000,200,1
20000,200,1
25000,200,1
14000,200,1
19000,200,1
28000,200,1
17000,400,1
13000,200,1
15000,200,1
18000,200,1
15000,200,1
21000,200,1
20000,200,1
15000,400,1
17000,200,1
22000,200,1
12000,200,1
17000,200,1
23000,200,1
21000,200,1
16000,400,1
21000,200,1
21000,200,1
19000,200,1
20000,200,1
19000,200,1
20000,200,1
18000,400,1
19000,200,1
19000,200,1
13000,200,1
20000,200,1
19000,200,1
14000,200,1
19000,400,1
17000,200,1
21000,200,1
20000,200,1
20000,200,1
26000,200,1
14000,200,1
12000,400,1
19000,200,1
19000,200,1
20000,200,1
19000,200,1
18000,200,1
20000,200,1
20000,400,1
19000,200,1
20000,200,1
19000,200,1
19000,200,1
19000,200,1
19000,200,1
12000,400,1
18000,200,1
22000,200,1
20000,200,1
21000,200,1
19000,200,1
19000,200,1
19000,400,1
19000,200,1
19000,200,1
24000,200,1
32000,200,1
30000,200,1
20000,200,1
20000,400,1
20000,200,1
11000,200,1
12000,200,1
12000,200,1
12000,200,1
19000,200,1
20000,400,1
15000,200,1
20000,200,1
18000,200,1
16000,200,1
39000,200,1
26000,200,1
30000,400,1
23000,200,1
16000,200,1
84000,200,1
28000,200,1
27000,200,1
22000,200,1
17000,500,1
16000,200,1
15000,200,1
18000,200,1
17000,200,1
30000,200,1
15000,200,1
23000,500,1
16000,200,1
24000,200,1
16000,200,1
19000,200,1
12000,200,1
27000,200,1
19000,500,1
32000,200,1
28000,200,1
16000,200,1
25000,200,1
15000,200,1
21000,200,1
25000,500,1
25000,200,1
12000,200,1
24000,200,1
17000,200,1
26000,200,1
18000,200,1
14000,500,1
18000,200,1
13000,200,1
16000,200,1
27000,200,1
21000,200,1
14000,200,1
17000,200,1
12000,200,1
23000,200,1
15000,200,1
18000,200,1
16000,200,1
20000,200,1
22000,500,1
17000,200,1
24000,200,1
16000,200,1
17000,200,1
23000,200,1
17000,200,1
28000,200,1
19000,200,1
14000,200,1
18000,200,1
33000,200,1
12000,200,1
13000,200,1
13000,200,1
20000,200,1
19000,200,1
19000,200,1
19000,200,1
19000,200,1
19000,200,1
19000,200,1
18000,200,1
15000,200,1
18000,200,1
12000,200,1
18000,200,1
22000,200,1
24000,200,1
13000,200,1
14000,200,1
19000,200,1
20000,200,1
19000,200,1
20000,200,1
22000,200,1
11000,200,1
14000,200,1
13000,200,1
21000,200,1
19000,200,1
20000,200,1
16000,200,1
23000,200,1
18000,200,1
20000,200,1
19000,200,1
21000,200,1
18000,200,1
18000,200,1
17000,200,1
19000,200,1
19000,200,1
19000,200,1
18000,200,1
18000,200,1
19000,200,1
19000,200,1
20000,200,1
20000,200,1
20000,200,1
18000,200,1
18000,200,1
19000,200,1
18000,200,1
19000,200,1
19000,200,1
18000,200,1
19000,200,1
18000,200,1
19000,200,1
18000,200,1
19000,200,1
18000,200,1
18000,200,1
20000,200,1
18000,200,1
22000,200,1
18000,200,1
20000,200,1
18000,201,1
19000,200,1
19000,200,1
18000,200,1
19000,200,1
19000,200,1
18000,200,1
19000,200,1
19000,201,1
18000,200,1
20000,200,1
19000,200,1
13000,200,1
11000,200,1
10000,200,1
21000,200,1
20000,201,1
15000,200,1
19000,200,1
18000,200,1
18000,200,1
18000,200,1
18000,200,1
18000,200,1
19000,201,1
18000,200,1
20000,200,1
19000,200,1
21000,200,1
19000,200,1
19000,200,1
18000,200,1
19000,201,1
20000,200,1
18000,200,1
26000,200,1
15000,200,1
18000,200,1
19000,200,1
18000,200,1
18000,201,1
19000,200,1
20000,200,1
20000,200,1
12000,200,1
11000,200,1
10000,200,1
11000,200,1
11000,201,1
11000,200,1
18000,200,1
19000,200,1
18000,200,1
19000,200,1
19000,200,1
18000,200,1
19000,201,1
18000,200,1
19000,200,1
19000,200,1
28000,200,1
17000,200,1
20000,200,1
19000,200,1
19000,201,1
21000,200,1
15000,200,1
12000,200,1
19000,200,1
26000,200,1
12000,200,1
12000,200,1
12000,201,1
12000,200,1
34000,200,1
13000,200,1
13000,200,1
12000,200,1
13000,200,1
21000,200,1
21000,201,1
23000,200,1
14000,200,1
16000,200,1
23000,200,1
10000,200,1
13000,200,1
14000,200,1
22000,201,1
21000,200,1
19000,200,1
11000,200,1
25000,200,1
21000,200,1
15000,200,1
34000,200,1
35000,201,1
35000,200,1
30000,200,1
11000,200,1
11000,200,1
12000,200,1
14000,200,1
23000,200,1
20000,201,1
21000,200,1
12000,200,1
21000,200,1
21000,200,1
19000,200,1
43000,200,1
15000,200,1
23000,201,1
12000,200,1
11000,200,1
13000,200,1
21000,200,1
23000,200,1
31000,200,1
24000,200,1
24000,201,1
36000,200,1
25000,200,1
13000,200,1
24000,200,1
24000,200,1
26000,200,1
12000,201,1
23000,404,1
13000,200,1
14000,200,1
25000,200,1
20000,200,1
54000,200,1
21000,200,1
17000,201,1
15000,404,1
23000,200,1
17000,200,1
19000,200,1
20000,200,1
15000,200,1
21000,200,1
29000,201,1
33000,404,1
39000,200,1
19000,200,1
17000,200,1
17000,200,1
15000,200,1
20000,200,1
20000,201,1
29000,404,1
23000,200,1
11000,200,1
13000,200,1
11000,200,1
11000,200,1
23000,200,1
10000,201,1
14000,404,1
13000,200,1
24000,200,1
21000,200,1
21000,200,1
20000,200,1
19000,200,1
19000,201,1
19000,404,1
18000,200,1
21000,200,1
19000,200,1
18000,200,1
20000,200,1
18000,200,1
19000,201,1
18000,404,1
18000,200,1
19000,200,1
19000,200,1
27000,200,1
22000,200,1
21000,200,1
13000,201,1
10000,404,1
14000,200,1
13000,200,1
22000,200,1
20000,200,1
21000,200,1
12000,200,1
16000,201,1
24000,404,1
12000,200,1
17000,200,1
25000,200,1
29000,200,1
30000,200,1
26000,200,1
24000,201,1
40000,404,1
22000,200,1
18000,200,1
13000,200,1
17000,200,1
30000,200,1
30000,200,1
53000,201,1
37000,404,1
16000,200,1
43000,200,1
257000,200,1
26000,200,1
32000,200,1
25000,200,1
25000,201,1
16000,404,1
15000,200,1
33000,200,1
15000,200,1
20000,200,1
17000,200,1
33000,200,1
30000,201,1
16000,404,1
24000,200,1
0,200,1
20000,200,1
23000,200,1
16000,200,1
24000,200,1
23000,201,1
16000,404,1
21000,200,1
17000,200,1
13000,200,1
18000,200,1
24000,200,1
16000,200,1
25000,201,1
19000,404,1
26000,200,1
25000,200,1
17000,200,1
20000,200,1
19000,200,1
19000,200,1
19000,201,1
19000,404,1
18000,200,1
19000,200,1
15000,200,1
18000,200,1
12000,200,1
15000,200,1
19000,201,1
19000,404,1
20000,200,1
22000,200,1
20000,200,1
27000,200,1
42000,200,1
50000,200,1
55000,201,1
30000,404,1
25000,200,1
11000,200,1
11000,200,1
12000,200,1
11000,200,1
10000,200,1
11000,200,1
19000,200,1
19000,200,1
20000,200,1
19000,200,1
30000,200,1
26000,200,1
24000,200,1
18000,200,1
15000,201,1
17000,200,1
21000,200,1
11000,200,1
27000,200,1
33000,200,1
13000,200,1
16000,200,1
11000,201,1
15000,200,1
26000,200,1
18000,200,1
19000,200,1
19000,200,1
21000,200,1
13000,200,1
12000,201,1
12000,200,1
21000,200,1
20000,200,1
21000,200,1
18000,200,1
48000,200,1
37000,200,1
83000,201,1
31000,200,1
27000,200,1
67000,200,1
31000,200,1
22000,200,1
18000,200,1
22000,200,1
15000,201,1
36000,200,1
18000,200,1
19000,200,1
12000,200,1
24000,200,1
13000,200,1
13000,200,1
48000,201,1
12000,200,1
12000,200,1
11000,200,1
12000,200,1
11000,200,1
10000,200,1
25000,200,1
61000,201,1
23000,200,1
96000,200,1
50000,200,1
16000,200,1
27000,200,1
184000,200,1
42000,200,1
38000,201,1
26000,200,1
28000,200,1
25000,200,1
13000,200,1
11000,200,1
18000,200,1
14000,200,1
14000,201,1
15000,200,1
31000,200,1
16000,200,1
38000,200,1
27000,200,1
17000,200,1
19000,200,1
25000,201,1
15000,200,1
17000,200,1
17000,200,1
33000,200,1
22000,200,1
17000,200,1
44000,200,1
5000,201,1
14000,200,1
13000,200,1
19000,200,1
19000,200,1
15000,200,1
19000,200,1
12000,200,1
21000,201,1
15000,200,1
29000,200,1
17000,200,1
24000,200,1
14000,200,1
12000,200,1
20000,200,1
19000,201,1
15000,200,1
19000,200,1
23000,200,1
27000,200,1
28000,200,1
20000,200,1
30000,200,1
20000,201,1
13000,200,1
20000,200,1
22000,200,1
25000,200,1
12000,200,1
16000,200,1
14000,200,1
14000,201,1
15000,200,1
19000,200,1
30000,200,1
63000,200,1
65000,200,1
36000,200,1
45000,200,1
16000,201,1
29000,200,1
23000,200,1
35000,200,1
15000,200,1
22000,200,1
14000,200,1
23000,201,1
18000,200,1
35000,200,1
37000,200,1
16000,200,1
12000,200,1
17000,200,1
22000,200,1
10000,201,1
14000,200,1
11000,200,1
12000,200,1
19000,404,1
35000,400,1
23000,200,1
14000,200,1
22000,200,1
16000,200,1
45000,200,1
12000,200,1
14000,201,1
17000,204,1
20000,200,1
20000,200,1
20000,200,1
14000,200,1
27000,200,1
18000,200,1
19000,201,1
16000,204,1
21000,204,1
16000,204,1
25000,404,1
18000,400,1
15000,200,1
19000,200,1
31000,200,1
21000,200,1
14000,200,1
23000,200,1
10000,201,1
12000,204,1
11000,200,1
10000,200,1
12000,200,1
10000,200,1
11000,200,1
12000,200,1
19000,201,1
19000,204,1
19000,200,1
18000,200,1
19000,200,1
18000,200,1
18000,200,1
19000,200,1
23000,201,1
18000,204,1
13000,200,1
18000,200,1
23000,200,1
14000,200,1
17000,200,1
22000,200,1
19000,201,1
13000,204,1
22000,200,1
11000,200,1
21000,200,1
14000,200,1
14000,200,1
21000,200,1
24000,201,1
23000,204,1
9000,200,1
14000,200,1
10000,200,1
12000,200,1
11000,200,1
11000,200,1
20000,201,1
18000,204,1
21000,200,1
22000,200,1
10000,200,1
16000,200,1
20000,200,1
23000,200,1
13000,201,1
13000,204,1
21000,200,1
21000,200,1
12000,200,1
14000,200,1
15000,200,1
22000,200,1
13000,201,1
15000,204,1
23000,200,1
14000,200,1
26000,200,1
15000,200,1
23000,200,1
20000,200,1
13000,201,1
14000,204,1
16000,200,1
10000,200,1
14000,200,1
33000,200,1
29000,200,1
18000,200,1
13000,201,1
18000,204,1
25000,200,1
16000,200,1
14000,200,1
19000,200,1
21000,200,1
21000,200,1
18000,201,1
18000,204,1
11000,200,1
26000,200,1
20000,200,1
18000,200,1
18000,200,1
24000,200,1
14000,201,1
23000,204,1
11000,200,1
21000,200,1
21000,200,1
23000,200,1
9000,200,1
11000,200,1
11000,201,1
11000,204,1
12000,200,1
13000,200,1
21000,200,1
21000,200,1
29000,200,1
22000,200,1
20000,201,1
13000,204,1
20000,200,1
19000,200,1
27000,200,1
23000,200,1
17000,200,1
17000,200,1
31000,201,1
23000,204,1
18000,200,1
15000,200,1
16000,200,1
22000,200,1
20000,200,1
14000,200,1
20000,201,1
19000,400,1
21000,200,1
18000,200,1
19000,200,1
20000,200,1
18000,200,1
20000,200,1
20000,200,1
21000,201,1
10000,200,1
13000,200,1
14000,200,1
21000,200,1
21000,200,1
16000,200,1
21000,200,1
21000,201,1
20000,200,1
12000,200,1
14000,200,1
13000,200,1
21000,200,1
22000,200,1
14000,200,1
22000,201,1
19000,200,1
15000,200,1
17000,200,1
25000,200,1
49000,200,1
99000,200,1
26000,200,1
13000,201,1
14000,200,1
17000,200,1
24000,200,1
14000,200,1
15000,200,1
23000,200,1
16000,200,1
24000,201,1
16000,200,1
23000,200,1
14000,200,1
16000,200,1
28000,200,1
15000,200,1
26000,200,1
24000,201,1
17000,200,1
20000,200,1
45000,200,1
81000,200,1
33000,200,1
31000,200,1
28000,200,1
52000,201,1
33000,200,1
53000,200,1
20000,200,1
39000,200,1
30000,200,1
26000,200,1
37000,200,1
111000,201,1
13000,200,1
14000,200,1
23000,200,1
11000,200,1
13000,200,1
13000,200,1
22000,200,1
15000,201,1
13000,200,1
12000,200,1
19000,200,1
21000,200,1
20000,200,1
19000,200,1
19000,200,1
19000,201,1
19000,200,1
23000,200,1
23000,200,1
23000,200,1
13000,200,1
14000,200,1
22000,200,1
19000,201,1
21000,200,1
10000,200,1
11000,200,1
11000,200,1
13000,200,1
13000,200,1
12000,200,1
19000,201,1
18000,200,1
19000,200,1
31000,200,1
102000,200,1
60000,200,1
81000,200,1
27000,200,1
15000,201,1
15000,200,1
27000,200,1
27000,200,1
27000,200,1
27000,200,1
22000,200,1
19000,200,1
23000,201,1
24000,200,1
22000,200,1
21000,200,1
40000,200,1
25000,200,1
13000,200,1
24000,200,1
24000,201,1
47000,200,1
23000,200,1
44000,200,1
32000,200,1
29000,200,1
23000,200,1
30000,200,1
19000,201,1
22000,200,1
37000,200,1
18000,200,1
32000,200,1
22000,200,1
20000,200,1
15000,200,1
21000,201,1
22000,200,1
22000,200,1
32000,200,1
38000,200,1
20000,200,1
13000,200,1
11000,200,1
14000,201,1
23000,200,1
18000,200,1
26000,200,1
17000,200,1
27000,200,1
24000,200,1
15000,200,1
23000,201,1
13000,200,1
12000,200,1
14000,200,1
22000,200,1
21000,200,1
44000,200,1
29000,200,1
25000,201,1
15000,200,1
29000,200,1
19000,200,1
23000,200,1
21000,200,1
18000,200,1
22000,200,1
19000,200,1
18000,200,1
19000,200,1
19000,200,1
19000,200,1
18000,200,1
19000,200,1
18000,200,1
19000,201,1
19000,200,1
13000,200,1
20000,200,1
20000,200,1
14000,200,1
27000,200,1
23000,200,1
26000,201,1
15000,200,1
21000,200,1
21000,200,1
13000,200,1
13000,200,1
16000,200,1
25000,200,1
10000,201,1
12000,200,1
11000,200,1
11000,200,1
13000,200,1
19000,200,1
18000,200,1
14000,200,1
15000,201,1
29000,200,1
17000,200,1
30000,200,1
20000,200,1
21000,200,1
23000,200,1
14000,200,1
15000,201,1
27000,200,1
27000,200,1
21000,200,1
14000,200,1
17000,200,1
11000,200,1
13000,200,1
12000,201,1
13000,200,1
20000,200,1
22000,200,1
22000,200,1
22000,200,1
37000,200,1
39000,200,1
26000,201,1
15000,200,1
30000,200,1
64000,200,1
96000,200,1
148000,200,1
92000,200,1
21000,200,1
19000,201,1
20000,200,1
13000,200,1
11000,200,1
21000,200,1
25000,200,1
32000,200,1
14000,201,1
18000,404,1
29000,200,1
23000,200,1
31000,200,1
24000,200,1
30000,200,1
23000,200,1
16000,201,1
19000,404,1
26000,200,1
22000,200,1
19000,200,1
31000,200,1
16000,200,1
28000,200,1
16000,201,1
26000,404,1
14000,200,1
12000,200,1
23000,200,1
16000,200,1
17000,200,1
20000,200,1
22000,201,1
13000,404,1
0,200,1
24000,200,1
13000,200,1
16000,200,1
26000,200,1
14000,200,1
15000,201,1
13000,404,1
18000,200,1
21000,200,1
23000,200,1
19000,200,1
20000,200,1
18000,200,1
12000,201,1
12000,404,1
20000,200,1
15000,200,1
19000,200,1
24000,200,1
16000,200,1
27000,200,1
12000,201,1
12000,404,1
15000,200,1
21000,200,1
22000,200,1
12000,200,1
16000,200,1
33000,200,1
29000,201,1
19000,404,1
22000,200,1
20000,200,1
11000,200,1
12000,200,1
12000,200,1
12000,200,1
11000,201,1
11000,404,1
11000,200,1
19000,200,1
19000,200,1
19000,200,1
18000,200,1
19000,200,1
14000,201,1
23000,404,1
16000,200,1
18000,200,1
19000,200,1
20000,200,1
25000,200,1
24000,200,1
17000,201,1
17000,404,1
28000,200,1
88000,200,1
40000,200,1
38000,200,1
24000,200,1
23000,200,1
29000,201,1
18000,404,1
19000,200,1
19000,200,1
19000,200,1
22000,200,1
11000,200,1
13000,200,1
12000,201,1
12000,404,1
10000,200,1
13000,200,1
12000,200,1
11000,200,1
16000,200,1
22000,200,1
18000,201,1
20000,404,1
11000,200,1
13000,200,1
11000,200,1
12000,200,1
14000,200,1
19000,200,1
19000,201,1
13000,404,1
19000,200,1
21000,200,1
9000,200,1
10000,200,1
13000,200,1
12000,200,1
12000,201,1
12000,404,1
11000,200,1
19000,200,1
21000,200,1
19000,200,1
13000,200,1
19000,200,1
19000,201,1
20000,404,1
20000,200,1
20000,200,1
19000,200,1
20000,200,1
22000,200,1
28000,200,1
28000,201,1
24000,400,1
15000,200,1
12000,200,1
23000,200,1
11000,200,1
14000,200,1
17000,200,1
16000,201,1
12000,400,1
19000,200,1
13000,200,1
15000,200,1
13000,200,1
18000,200,1
20000,200,1
19000,201,1
19000,400,1
20000,200,1
19000,200,1
19000,200,1
12000,200,1
12000,200,1
13000,200,1
12000,201,1
19000,400,1
20000,200,1
19000,200,1
19000,200,1
19000,200,1
13000,200,1
11000,200,1
12000,201,1
17000,404,1
21000,200,1
26000,200,1
11000,200,1
12000,200,1
15000,200,1
13000,200,1
20000,200,1
21000,200,1
14000,200,1
10000,200,1
13000,200,1
12000,200,1
12000,200,1
11000,200,1
13000,200,1
19000,200,1
19000,302,1
20000,200,1
19000,200,1
19000,200,1
23000,200,1
23000,200,1
21000,200,1
11000,200,1
12000,200,1
14000,302,1
12000,200,1
11000,200,1
15000,200,1
13000,200,1
21000,200,1
22000,200,1
13000,200,1
13000,200,1
21000,302,1
20000,200,1
21000,200,1
13000,200,1
11000,200,1
13000,200,1
13000,200,1
21000,200,1
21000,200,1
16000,302,1
21000,200,1
18000,200,1
19000,200,1
14000,200,1
19000,200,1
19000,200,1
13000,200,1
21000,200,1
18000,302,1
19000,200,1
20000,200,1
20000,200,1
21000,200,1
21000,200,1
11000,200,1
12000,200,1
22000,200,1
10000,302,1
17000,200,1
29000,200,1
11000,200,1
12000,200,1
13000,200,1
21000,200,1
21000,200,1
21000,200,1
13000,302,1
13000,200,1
20000,200,1
14000,200,1
13000,200,1
22000,200,1
22000,200,1
12000,200,1
10000,200,1
11000,200,1
12000,200,1
11000,200,1
11000,200,1
11000,200,1
21000,200,1
19000,200,1
19000,200,1
10000,200,1
11000,200,1
14000,200,1
21000,200,1
24000,200,1
11000,200,1
13000,200,1
13000,200,1
20000,200,1
21000,200,1
20000,200,1
21000,200,1
16000,200,1
11000,200,1
13000,200,1
12000,200,1
15000,200,1
21000,200,1
17000,200,1
19000,404,1
19000,200,1
21000,200,1
24000,200,1
12000,200,1
13000,200,1
12000,200,1
19000,200,1
20000,200,1
20000,404,1
20000,200,1
10000,200,1
12000,200,1
11000,200,1
13000,200,1
19000,200,1
19000,200,1
14000,200,1
11000,200,1
22000,200,1
23000,200,1
26000,200,1
49000,200,1
37000,200,1
12000,200,1
15000,200,1
21000,200,1
21000,200,1
21000,200,1
11000,200,1
13000,200,1
18000,200,1
19000,200,1
28000,200,1
30000,200,1
20000,200,1
21000,200,1
25000,200,1
38000,200,1
18000,200,1
25000,200,1
15000,200,1
14000,200,1
23000,200,1
14000,200,1
15000,400,1
24000,200,1
15000,200,1
23000,200,1
14000,200,1
14000,200,1
32000,200,1
16000,200,1
23000,200,1
12000,400,1
22000,200,1
20000,200,1
12000,200,1
12000,200,1
12000,200,1
11000,200,1
10000,200,1
13000,200,1
19000,404,1
21000,200,1
21000,200,1
13000,200,1
14000,200,1
20000,200,1
22000,200,1
21000,200,1
12000,200,1
13000,404,1
12000,200,1
23000,200,1
16000,200,1
21000,200,1
20000,200,1
15000,200,1
11000,200,1
13000,200,1
10000,404,1
11000,200,1
11000,200,1
11000,200,1
11000,200,1
11000,200,1
18000,200,1
19000,200,1
19000,200,1
19000,404,1
18000,200,1
20000,200,1
24000,200,1
33000,200,1
24000,200,1
34000,200,1
30000,200,1
35000,200,1
25000,404,1
13000,200,1
13000,200,1
14000,200,1
24000,200,1
13000,200,1
17000,200,1
21000,200,1
21000,200,1
20000,404,1
21000,200,1
21000,200,1
28000,200,1
22000,200,1
26000,200,1
40000,200,1
38000,200,1
26000,200,1
11000,404,1
15000,200,1
28000,200,1
27000,200,1
31000,200,1
37000,200,1
19000,200,1
20000,200,1
19000,200,1
12000,404,1
21000,200,1
14000,200,1
18000,200,1
22000,200,1
23000,200,1
15000,200,1
14000,200,1
25000,200,1
12000,400,1
14000,200,1
21000,200,1
22000,200,1
21000,200,1
16000,200,1
34000,200,1
27000,200,1
31000,200,1
41000,400,1
31000,200,1
31000,200,1
16000,200,1
23000,200,1
11000,200,1
13000,200,1
12000,200,1
11000,200,1
19000,404,1
18000,200,1
19000,200,1
19000,200,1
20000,200,1
20000,200,1
19000,200,1
20000,200,1
22000,200,1
25000,404,1
31000,200,1
39000,200,1
19000,200,1
22000,200,1
21000,200,1
18000,200,1
19000,200,1
19000,200,1
11000,404,1
19000,200,1
23000,200,1
11000,200,1
13000,200,1
19000,200,1
19000,200,1
19000,200,1
19000,200,1
19000,404,1
19000,200,1
19000,200,1
22000,200,1
20000,200,1
21000,200,1
13000,200,1
12000,200,1
11000,200,1
10000,200,1
11000,200,1
18000,200,1
18000,200,1
18000,200,1
18000,200,1
19000,200,1
14000,200,1
21000,200,1
26000,400,1
14000,200,1
19000,200,1
12000,200,1
13000,200,1
13000,200,1
21000,200,1
15000,200,1
13000,200,1
21000,400,1
20000,200,1
21000,200,1
21000,200,1
11000,200,1
13000,200,1
13000,200,1
22000,200,1
21000,200,1
20000,200,1
22000,200,1
25000,200,1
19000,200,1
19000,200,1
21000,200,1
19000,200,1
25000,200,1
18000,200,1
18000,404,1
24000,200,1
15000,200,1
12000,200,1
14000,200,1
16000,200,1
18000,200,1
22000,200,1
28000,200,1
25000,404,1
17000,200,1
19000,200,1
28000,200,1
20000,200,1
37000,200,1
9000,200,1
23000,200,1
20000,200,1
19000,404,1
2000,200,1
12000,200,1
13000,200,1
20000,200,1
12000,200,1
18000,200,1
24000,200,1
31000,200,1
24000,404,1
14000,200,1
14000,200,1
14000,200,1
24000,200,1
15000,200,1
15000,200,1
27000,200,1
18000,200,1
24000,400,1
32000,200,1
14000,200,1
12000,200,1
11000,200,1
19000,200,1
19000,200,1
19000,200,1
19000,200,1
19000,400,1
19000,200,1
19000,200,1
19000,200,1
23000,200,1
16000,200,1
13000,200,1
19000,200,1
18000,200,1
23000,404,1
26000,200,1
25000,200,1
53000,200,1
33000,200,1
19000,200,1
20000,200,1
19000,200,1
20000,200,1
23000,404,1
20000,200,1
22000,200,1
12000,200,1
13000,200,1
13000,200,1
21000,200,1
21000,200,1
11000,200,1
13000,404,1
15000,200,1
25000,200,1
16000,200,1
15000,200,1
23000,200,1
16000,200,1
27000,200,1
21000,200,1
24000,404,1
18000,200,1
23000,200,1
16000,200,1
25000,200,1
14000,200,1
14000,200,1
26000,200,1
16000,200,1
26000,200,1
26000,200,1
21000,200,1
17000,200,1
19000,200,1
19000,200,1
19000,200,1
19000,200,1
20000,200,1
18000,201,1
19000,200,1
19000,200,1
19000,200,1
19000,200,1
19000,200,1
18000,200,1
13000,200,1
18000,200,1
19000,201,1
15000,200,1
23000,200,1
19000,200,1
19000,200,1
19000,200,1
18000,200,1
19000,200,1
19000,200,1
19000,201,1
19000,200,1
18000,200,1
20000,200,1
19000,200,1
19000,200,1
20000,200,1
10000,200,1
13000,200,1
16000,201,1
21000,200,1
10000,200,1
11000,200,1
12000,200,1
12000,200,1
12000,200,1
13000,200,1
22000,200,1
15000,201,1
17000,200,1
25000,200,1
12000,200,1
16000,200,1
24000,200,1
55000,200,1
29000,200,1
20000,200,1
24000,201,1
14000,200,1
17000,200,1
16000,200,1
21000,200,1
17000,200,1
30000,200,1
20000,200,1
15000,200,1
23000,201,1
13000,200,1
13000,200,1
13000,200,1
19000,200,1
20000,200,1
20000,200,1
10000,200,1
11000,200,1
18000,201,1
16000,200,1
15000,200,1
15000,200,1
23000,200,1
14000,200,1
14000,200,1
21000,200,1
19000,200,1
20000,201,1
18000,200,1
19000,200,1
19000,200,1
19000,200,1
19000,200,1
19000,200,1
20000,200,1
12000,200,1
13000,201,1
23000,200,1
13000,200,1
11000,200,1
11000,200,1
12000,200,1
11000,200,1
18000,200,1
19000,200,1
19000,201,1
18000,200,1
20000,200,1
19000,200,1
18000,200,1
11000,200,1
19000,200,1
22000,200,1
20000,200,1
20000,201,1
21000,200,1
13000,200,1
21000,200,1
21000,200,1
12000,200,1
19000,200,1
22000,200,1
20000,200,1
13000,201,1
14000,200,1
25000,200,1
15000,200,1
24000,200,1
15000,200,1
24000,200,1
14000,200,1
16000,200,1
27000,201,1
16000,200,1
27000,200,1
23000,200,1
11000,200,1
13000,200,1
13000,200,1
21000,200,1
21000,200,1
14000,201,1
21000,200,1
23000,200,1
21000,200,1
13000,200,1
20000,200,1
15000,200,1
15000,200,1
24000,200,1
15000,201,1
30000,200,1
18000,200,1
12000,200,1
11000,200,1
16000,200,1
22000,200,1
18000,200,1
11000,200,1
18000,200,1
27000,200,1
19000,200,1
25000,200,1
14000,200,1
20000,200,1
25000,200,1
15000,200,1
15000,200,1
23000,201,1
11000,200,1
13000,200,1
13000,200,1
14000,200,1
19000,200,1
17000,200,1
20000,200,1
22000,200,1
11000,201,1
13000,200,1
13000,200,1
21000,200,1
21000,200,1
21000,200,1
13000,200,1
14000,200,1
21000,200,1
22000,201,1
14000,200,1
11000,200,1
12000,200,1
22000,200,1
21000,200,1
9000,200,1
20000,200,1
19000,200,1
20000,201,1
17000,200,1
21000,200,1
19000,200,1
19000,200,1
19000,200,1
12000,200,1
11000,200,1
11000,200,1
14000,201,1
15000,200,1
19000,200,1
19000,200,1
20000,200,1
20000,200,1
19000,200,1
19000,200,1
14000,200,1
11000,201,1
11000,200,1
12000,200,1
29000,200,1
12000,200,1
15000,200,1
14000,200,1
10000,200,1
13000,200,1
29000,201,1
27000,200,1
21000,200,1
32000,200,1
16000,200,1
23000,200,1
20000,200,1
22000,200,1
10000,200,1
19000,201,1
22000,200,1
16000,200,1
31000,200,1
0,200,1
15000,200,1
23000,200,1
15000,200,1
15000,200,1
20000,201,1
14000,200,1
13000,200,1
24000,200,1
13000,200,1
16000,200,1
15000,200,1
23000,200,1
17000,200,1
21000,201,1
15000,200,1
14000,200,1
23000,200,1
12000,200,1
13000,200,1
23000,200,1
15000,200,1
16000,200,1
16000,201,1
24000,200,1
20000,200,1
12000,200,1
11000,200,1
11000,200,1
12000,200,1
12000,200,1
12000,200,1
18000,201,1
21000,200,1
23000,200,1
11000,200,1
19000,200,1
20000,200,1
11000,200,1
12000,200,1
11000,200,1
12000,201,1
22000,200,1
9000,200,1
12000,200,1
19000,200,1
19000,200,1
20000,200,1
19000,200,1
18000,200,1
19000,201,1
19000,200,1
15000,200,1
15000,200,1
13000,200,1
12000,200,1
14000,200,1
23000,200,1
14000,200,1
17000,201,1
22000,200,1
15000,200,1
27000,200,1
22000,200,1
17000,200,1
26000,200,1
19000,200,1
25000,200,1
15000,201,1
14000,200,1
21000,200,1
20000,200,1
21000,200,1
21000,200,1
22000,200,1
13000,200,1
14000,201,1
21000,200,1
23000,200,1
12000,200,1
14000,200,1
24000,200,1
17000,200,1
24000,200,1
15000,200,1
26000,201,1
16000,200,1
21000,200,1
20000,200,1
19000,404,1
23000,400,1
13000,200,1
14000,200,1
23000,200,1
14000,200,1
15000,200,1
23000,200,1
15000,200,1
14000,201,1
22000,204,1
21000,200,1
12000,200,1
11000,200,1
12000,200,1
18000,200,1
11000,200,1
11000,200,1
14000,201,1
13000,204,1
26000,204,1
18000,204,1
19000,404,1
20000,400,1
18000,200,1
20000,200,1
19000,200,1
18000,200,1
11000,200,1
15000,200,1
20000,200,1
13000,201,1
12000,204,1
12000,200,1
13000,200,1
19000,200,1
19000,200,1
20000,200,1
30000,200,1
21000,200,1
19000,201,1
23000,204,1
25000,200,1
26000,200,1
21000,200,1
11000,200,1
12000,200,1
13000,200,1
12000,200,1
21000,201,1
21000,204,1
12000,200,1
21000,200,1
13000,200,1
18000,200,1
17000,200,1
24000,200,1
19000,200,1
26000,201,1
17000,204,1
23000,200,1
15000,200,1
23000,200,1
23000,200,1
17000,200,1
28000,200,1
20000,200,1
16000,201,1
27000,204,1
15000,200,1
21000,200,1
20000,200,1
20000,200,1
11000,200,1
12000,200,1
14000,200,1
19000,201,1
22000,204,1
12000,200,1
12000,200,1
19000,200,1
20000,200,1
19000,200,1
20000,200,1
20000,200,1
23000,201,1
20000,204,1
29000,200,1
24000,200,1
16000,200,1
23000,200,1
11000,200,1
12000,200,1
17000,200,1
26000,201,1
12000,204,1
12000,200,1
15000,200,1
20000,200,1
30000,200,1
18000,200,1
16000,200,1
21000,200,1
20000,201,1
20000,204,1
18000,200,1
20000,200,1
19000,200,1
19000,200,1
20000,200,1
12000,200,1
13000,200,1
23000,201,1
14000,204,1
15000,200,1
30000,200,1
35000,200,1
17000,200,1
21000,200,1
22000,200,1
22000,200,1
0,201,1
21000,204,1
15000,200,1
45000,200,1
21000,200,1
44000,200,1
58000,200,1
45000,200,1
35000,200,1
40000,201,1
43000,204,1
44000,200,1
47000,200,1
48000,200,1
17000,200,1
15000,200,1
12000,200,1
15000,200,1
15000,201,1
24000,204,1
23000,200,1
24000,200,1
23000,200,1
19000,200,1
12000,200,1
16000,200,1
16000,200,1
13000,201,1
27000,204,1
13000,200,1
22000,200,1
21000,200,1
14000,200,1
23000,200,1
11000,200,1
13000,200,1
13000,201,1
12000,204,1
22000,200,1
20000,200,1
13000,200,1
17000,200,1
25000,200,1
16000,200,1
26000,200,1
14000,200,1
15000,201,1
14000,200,1
20000,200,1
13000,200,1
17000,200,1
27000,200,1
20000,200,1
14000,200,1
25000,200,1
20000,201,1
13000,200,1
21000,200,1
16000,200,1
29000,200,1
25000,200,1
22000,200,1
16000,200,1
26000,200,1
15000,201,1
14000,200,1
15000,200,1
15000,200,1
23000,200,1
34000,200,1
23000,200,1
88000,200,1
21000,200,1
39000,201,1
21000,200,1
24000,200,1
21000,200,1
25000,200,1
15000,200,1
27000,200,1
17000,200,1
30000,200,1
30000,201,1
21000,200,1
17000,200,1
20000,200,1
19000,200,1
11000,200,1
11000,200,1
14000,200,1
19000,200,1
21000,201,1
21000,200,1
11000,200,1
17000,200,1
22000,200,1
21000,200,1
14000,200,1
16000,200,1
14000,200,1
30000,201,1
23000,200,1
16000,200,1
19000,200,1
17000,200,1
17000,200,1
25000,200,1
14000,200,1
25000,200,1
22000,201,1
21000,200,1
11000,200,1
11000,200,1
12000,200,1
11000,200,1
12000,200,1
20000,200,1
19000,200,1
18000,201,1
19000,200,1
21000,200,1
21000,200,1
20000,200,1
21000,200,1
13000,200,1
13000,200,1
22000,200,1
22000,201,1
19000,200,1
19000,200,1
19000,200,1
18000,200,1
19000,200,1
19000,200,1
18000,200,1
20000,200,1
18000,201,1
19000,200,1
22000,200,1
13000,200,1
10000,200,1
15000,200,1
12000,200,1
23000,200,1
12000,200,1
14000,201,1
22000,200,1
23000,200,1
23000,200,1
16000,200,1
22000,200,1
12000,200,1
18000,200,1
16000,200,1
21000,201,1
19000,200,1
21000,200,1
21000,200,1
11000,200,1
12000,200,1
11000,200,1
11000,200,1
12000,200,1
19000,201,1
19000,200,1
20000,200,1
23000,200,1
23000,200,1
19000,200,1
28000,200,1
26000,200,1
0,200,1
18000,201,1
24000,200,1
9000,200,1
14000,200,1
21000,200,1
18000,200,1
26000,200,1
24000,200,1
17000,200,1
24000,201,1
13000,200,1
16000,200,1
24000,200,1
23000,200,1
11000,200,1
14000,200,1
23000,200,1
18000,200,1
19000,201,1
26000,200,1
16000,200,1
21000,200,1
0,200,1
12000,200,1
19000,200,1
18000,200,1
24000,200,1
16000,201,1
31000,200,1
11000,200,1
23000,200,1
20000,200,1
23000,200,1
13000,200,1
19000,200,1
27000,200,1
15000,201,1
19000,200,1
22000,200,1
17000,200,1
23000,200,1
13000,200,1
13000,200,1
20000,200,1
22000,200,1
20000,201,1
23000,200,1
11000,200,1
14000,200,1
19000,200,1
12000,200,1
12000,200,1
11000,200,1
13000,200,1
16000,200,1
26000,200,1
23000,200,1
24000,200,1
19000,200,1
30000,200,1
34000,200,1
21000,200,1
22000,200,1
26000,201,1
20000,200,1
29000,200,1
14000,200,1
21000,200,1
20000,200,1
29000,200,1
22000,200,1
17000,200,1
29000,201,1
21000,200,1
26000,200,1
16000,200,1
37000,200,1
21000,200,1
17000,200,1
31000,200,1
28000,200,1
31000,201,1
26000,200,1
26000,200,1
24000,200,1
14000,200,1
17000,200,1
24000,200,1
21000,200,1
23000,200,1
15000,201,1
14000,200,1
25000,200,1
13000,200,1
12000,200,1
11000,200,1
25000,200,1
15000,200,1
17000,200,1
28000,201,1
27000,200,1
15000,200,1
23000,200,1
21000,200,1
13000,200,1
14000,200,1
21000,200,1
23000,200,1
14000,201,1
13000,200,1
37000,200,1
34000,200,1
30000,200,1
31000,200,1
34000,200,1
64000,200,1
16000,200,1
20000,201,1
19000,200,1
19000,200,1
19000,200,1
19000,200,1
19000,200,1
19000,200,1
19000,200,1
19000,200,1
12000,201,1
20000,200,1
18000,200,1
14000,200,1
23000,200,1
16000,200,1
12000,200,1
20000,200,1
22000,200,1
15000,400,1
12000,200,1
18000,200,1
20000,200,1
19000,200,1
20000,200,1
18000,200,1
19000,200,1
19000,200,1
18000,400,1
19000,200,1
19000,200,1
19000,200,1
19000,200,1
19000,200,1
19000,200,1
20000,200,1
19000,200,1
19000,400,1
16000,200,1
21000,200,1
20000,200,1
13000,200,1
18000,200,1
18000,200,1
14000,200,1
18000,200,1
18000,400,1
20000,200,1
18000,200,1
21000,200,1
19000,200,1
19000,200,1
19000,200,1
18000,200,1
19000,200,1
19000,400,1
20000,200,1
16000,200,1
19000,200,1
19000,200,1
19000,200,1
18000,200,1
19000,200,1
22000,200,1
19000,400,1
19000,200,1
19000,200,1
28000,200,1
14000,200,1
13000,200,1
19000,200,1
17000,200,1
19000,200,1
18000,400,1
14000,200,1
14000,200,1
18000,200,1
12000,200,1
19000,200,1
19000,200,1
15000,200,1
17000,200,1
19000,400,1
19000,200,1
19000,200,1
18000,200,1
19000,200,1
19000,200,1
19000,200,1
19000,200,1
19000,200,1
18000,400,1
19000,200,1
20000,200,1
19000,200,1
23000,200,1
11000,200,1
12000,200,1
10000,200,1
12000,200,1
20000,400,1
12000,200,1
13000,200,1
19000,200,1
19000,200,1
19000,200,1
19000,200,1
18000,200,1
19000,200,1
18000,400,1
19000,200,1
18000,200,1
13000,200,1
21000,200,1
17000,200,1
20000,200,1
19000,200,1
19000,200,1
18000,400,1
19000,200,1
18000,200,1
16000,200,1
19000,200,1
10000,200,1
11000,200,1
18000,200,1
20000,200,1
19000,404,1
18000,200,1
17000,200,1
18000,200,1
19000,200,1
19000,200,1
17000,200,1
21000,200,1
12000,200,1
12000,400,1
18000,200,1
19000,200,1
18000,200,1
19000,200,1
18000,200,1
19000,200,1
19000,200,1
19000,200,1
18000,400,1
19000,200,1
18000,200,1
19000,200,1
19000,200,1
18000,200,1
19000,200,1
16000,200,1
11000,200,1
19000,400,1
18000,200,1
22000,200,1
18000,200,1
18000,200,1
18000,200,1
18000,200,1
20000,200,1
18000,200,1
19000,400,1
19000,200,1
18000,200,1
19000,200,1
19000,200,1
19000,200,1
18000,200,1
11000,200,1
11000,200,1
11000,400,1
11000,200,1
11000,200,1
11000,200,1
12000,200,1
18000,200,1
19000,200,1
21000,200,1
21000,200,1
10000,400,1
12000,200,1
11000,200,1
10000,200,1
10000,200,1
11000,200,1
10000,200,1
26000,200,1
14000,200,1
22000,400,1
12000,200,1
19000,200,1
19000,200,1
19000,200,1
19000,200,1
19000,200,1
18000,200,1
19000,200,1
19000,400,1
19000,200,1
18000,200,1
19000,200,1
19000,200,1
19000,200,1
24000,200,1
19000,200,1
18000,200,1
20000,400,1
16000,200,1
72000,200,1
45000,200,1
41000,200,1
25000,200,1
28000,200,1
25000,200,1
24000,200,1
23000,400,1
30000,200,1
27000,200,1
23000,200,1
23000,200,1
16000,200,1
24000,200,1
14000,200,1
18000,200,1
25000,400,1
20000,200,1
15000,200,1
18000,200,1
19000,200,1
18000,200,1
19000,200,1
18000,200,1
19000,200,1
20000,400,1
13000,200,1
18000,200,1
19000,200,1
13000,200,1
20000,200,1
20000,200,1
19000,200,1
20000,200,1
19000,400,1
20000,200,1
21000,200,1
14000,200,1
111000,200,1
17000,200,1
29000,200,1
36000,200,1
38000,200,1
59000,400,1
49000,200,1
16000,200,1
21000,200,1
18000,200,1
20000,200,1
19000,200,1
20000,200,1
19000,200,1
19000,400,1
28000,200,1
30000,200,1
32000,200,1
16000,200,1
12000,200,1
26000,200,1
11000,200,1
13000,200,1
13000,400,1
23000,200,1
19000,200,1
18000,200,1
10000,200,1
11000,200,1
12000,200,1
11000,200,1
11000,200,1
11000,400,1
21000,200,1
20000,200,1
18000,200,1
14000,200,1
18000,200,1
19000,200,1
14000,200,1
24000,200,1
11000,400,1
11000,200,1
11000,200,1
12000,200,1
19000,200,1
19000,200,1
19000,200,1
19000,200,1
20000,200,1
19000,400,1
19000,200,1
18000,200,1
20000,200,1
18000,200,1
20000,200,1
13000,200,1
19000,200,1
19000,200,1
21000,400,1
22000,200,1
22000,200,1
13000,200,1
23000,200,1
18000,200,1
20000,200,1
18000,200,1
18000,200,1
31000,500,1
11000,200,1
19000,200,1
19000,200,1
19000,200,1
19000,200,1
19000,200,1
18000,200,1
19000,200,1
19000,500,1
19000,200,1
19000,200,1
19000,200,1
24000,200,1
12000,200,1
12000,200,1
11000,200,1
11000,200,1
11000,500,1
11000,200,1
19000,200,1
19000,200,1
19000,200,1
19000,200,1
19000,200,1
18000,200,1
19000,200,1
19000,500,1
18000,200,1
14000,200,1
18000,200,1
19000,200,1
15000,200,1
25000,200,1
12000,200,1
14000,200,1
14000,500,1
19000,200,1
20000,200,1
19000,200,1
21000,200,1
11000,200,1
13000,200,1
12000,200,1
13000,200,1
21000,200,1
21000,200,1
21000,200,1
16000,200,1
22000,200,1
29000,200,1
34000,200,1
19000,200,1
14000,200,1
13000,500,1
22000,200,1
21000,200,1
13000,200,1
13000,200,1
14000,200,1
41000,200,1
36000,200,1
34000,200,1
22000,200,1
10000,200,1
12000,200,1
12000,200,1
13000,200,1
12000,200,1
12000,200,1
19000,200,1
21000,200,1
10000,200,1
17000,200,1
20000,200,1
19000,200,1
3000,200,1
17000,200,1
11000,200,1
20000,200,1
13000,200,1
22000,200,1
25000,200,1
12000,200,1
12000,200,1
17000,200,1
24000,200,1
13000,200,1
16000,200,1
25000,200,1
15000,200,1
25000,200,1
17000,200,1
20000,200,1
19000,200,1
18000,200,1
19000,200,1
19000,200,1
19000,200,1
20000,200,1
18000,200,1
20000,200,1
18000,200,1
20000,200,1
18000,200,1
19000,200,1
19000,200,1
19000,200,1
19000,200,1
15000,200,1
20000,200,1
27000,200,1
14000,200,1
38000,200,1
35000,200,1
27000,200,1
14000,200,1
21000,200,1
20000,200,1
19000,200,1
13000,200,1
14000,200,1
13000,200,1
21000,200,1
21000,200,1
12000,200,1
13000,200,1
12000,200,1
21000,200,1
20000,200,1
21000,200,1
12000,200,1
13000,200,1
20000,200,1
20000,200,1
20000,200,1
20000,200,1
21000,200,1
21000,200,1
13000,200,1
13000,200,1
12000,200,1
20000,200,1
19000,200,1
20000,200,1
21000,200,1
20000,200,1
11000,200,1
15000,200,1
15000,200,1
17000,200,1
12000,200,1
14000,200,1
14000,200,1
13000,201,1
19000,200,1
20000,200,1
19000,200,1
19000,200,1
20000,200,1
19000,200,1
19000,200,1
20000,200,1
19000,200,1
20000,201,1
19000,200,1
14000,200,1
19000,200,1
19000,200,1
15000,200,1
21000,200,1
13000,200,1
12000,200,1
13000,200,1
28000,201,1
33000,200,1
29000,200,1
22000,200,1
27000,200,1
33000,200,1
34000,200,1
39000,200,1
13000,200,1
13000,200,1
13000,201,1
23000,200,1
13000,200,1
13000,200,1
20000,200,1
20000,200,1
18000,200,1
20000,200,1
21000,200,1
16000,200,1
12000,201,1
26000,200,1
25000,200,1
22000,200,1
19000,200,1
19000,200,1
18000,200,1
19000,200,1
19000,200,1
21000,200,1
19000,201,1
10000,200,1
11000,200,1
10000,200,1
16000,200,1
11000,200,1
11000,200,1
19000,200,1
19000,200,1
19000,200,1
18000,201,1
20000,200,1
20000,200,1
13000,200,1
11000,200,1
10000,200,1
11000,200,1
11000,200,1
11000,200,1
11000,200,1
11000,201,1
11000,200,1
11000,200,1
18000,200,1
20000,200,1
20000,200,1
19000,200,1
13000,200,1
13000,200,1
13000,200,1
20000,201,1
22000,200,1
23000,200,1
16000,200,1
17000,200,1
16000,200,1
25000,200,1
19000,200,1
19000,200,1
20000,200,1
23000,201,1
21000,200,1
18000,200,1
23000,200,1
13000,200,1
17000,200,1
22000,200,1
16000,200,1
15000,200,1
16000,200,1
24000,201,1
22000,200,1
47000,200,1
66000,200,1
31000,200,1
25000,200,1
28000,200,1
27000,200,1
17000,200,1
41000,200,1
16000,201,1
23000,200,1
10000,200,1
37000,200,1
35000,200,1
28000,200,1
31000,200,1
44000,200,1
25000,200,1
35000,200,1
27000,201,1
20000,200,1
30000,200,1
28000,200,1
21000,200,1
15000,200,1
19000,200,1
29000,200,1
13000,200,1
25000,200,1
15000,201,1
13000,200,1
24000,200,1
14000,200,1
12000,200,1
26000,200,1
19000,200,1
16000,200,1
13000,200,1
27000,200,1
10000,201,1
13000,200,1
20000,200,1
21000,200,1
11000,200,1
13000,200,1
22000,200,1
15000,200,1
13000,200,1
22000,200,1
17000,201,1
20000,200,1
20000,200,1
19000,200,1
18000,200,1
19000,200,1
14000,200,1
14000,200,1
19000,200,1
16000,201,1
11000,404,1
10000,200,1
12000,200,1
12000,200,1
19000,200,1
23000,200,1
12000,200,1
20000,200,1
22000,200,1
26000,201,1
25000,404,1
12000,200,1
13000,200,1
23000,200,1
93000,200,1
26000,200,1
23000,200,1
24000,200,1
20000,200,1
33000,201,1
21000,404,1
19000,200,1
10000,200,1
20000,200,1
20000,200,1
22000,200,1
13000,200,1
11000,200,1
12000,200,1
11000,201,1
18000,404,1
12000,200,1
12000,200,1
12000,200,1
19000,200,1
19000,200,1
19000,200,1
20000,200,1
19000,200,1
22000,201,1
12000,404,1
12000,200,1
12000,200,1
12000,200,1
20000,200,1
16000,200,1
20000,200,1
19000,200,1
22000,200,1
22000,201,1
10000,404,1
11000,200,1
11000,200,1
11000,200,1
11000,200,1
11000,200,1
12000,200,1
18000,200,1
19000,200,1
19000,201,1
20000,404,1
19000,200,1
18000,200,1
19000,200,1
18000,200,1
21000,200,1
19000,200,1
31000,200,1
32000,200,1
20000,201,1
21000,404,1
14000,200,1
24000,200,1
28000,200,1
22000,200,1
17000,200,1
23000,200,1
16000,200,1
15000,200,1
23000,201,1
21000,404,1
16000,200,1
28000,200,1
24000,200,1
18000,200,1
24000,200,1
12000,200,1
14000,200,1
13000,200,1
27000,201,1
26000,404,1
24000,200,1
23000,200,1
13000,200,1
15000,200,1
22000,200,1
22000,200,1
23000,200,1
15000,200,1
17000,201,1
25000,404,1
14000,200,1
14000,200,1
25000,200,1
16000,200,1
15000,200,1
26000,200,1
14000,200,1
21000,200,1
11000,201,1
12000,404,1
14000,200,1
22000,200,1
21000,200,1
16000,200,1
23000,200,1
23000,200,1
15000,200,1
12000,200,1
25000,201,1
20000,404,1
23000,200,1
12000,200,1
19000,200,1
11000,200,1
12000,200,1
12000,200,1
13000,200,1
21000,200,1
15000,201,1
15000,404,1
24000,200,1
14000,200,1
12000,200,1
19000,200,1
22000,200,1
14000,200,1
13000,200,1
20000,200,1
20000,201,1
20000,404,1
21000,200,1
12000,200,1
17000,200,1
21000,200,1
15000,200,1
22000,200,1
11000,200,1
15000,200,1
21000,201,1
11000,404,1
15000,200,1
22000,200,1
18000,200,1
12000,200,1
13000,200,1
13000,200,1
14000,200,1
20000,200,1
22000,201,1
14000,404,1
14000,200,1
22000,200,1
12000,200,1
14000,200,1
25000,200,1
13000,200,1
13000,200,1
13000,200,1
23000,201,1
11000,404,1
16000,200,1
23000,200,1
21000,200,1
12000,200,1
20000,200,1
25000,200,1
13000,200,1
18000,200,1
27000,200,1
17000,200,1
25000,200,1
21000,200,1
23000,200,1
13000,200,1
14000,200,1
15000,200,1
22000,200,1
16000,200,1
25000,200,1
13000,201,1
12000,200,1
18000,200,1
23000,200,1
18000,200,1
15000,200,1
16000,200,1
21000,200,1
13000,200,1
13000,200,1
14000,201,1
23000,200,1
22000,200,1
20000,200,1
23000,200,1
15000,200,1
33000,200,1
27000,200,1
23000,200,1
24000,200,1
16000,201,1
24000,200,1
16000,200,1
22000,200,1
23000,200,1
13000,200,1
15000,200,1
22000,200,1
23000,200,1
32000,200,1
17000,201,1
13000,200,1
16000,200,1
15000,200,1
25000,200,1
16000,200,1
12000,200,1
11000,200,1
4000,200,1
52000,200,1
13000,201,1
12000,200,1
125000,200,1
48000,200,1
15000,200,1
26000,200,1
18000,200,1
24000,200,1
12000,200,1
16000,200,1
16000,201,1
40000,200,1
29000,200,1
24000,200,1
26000,200,1
25000,200,1
24000,200,1
23000,200,1
28000,200,1
19000,200,1
19000,201,1
27000,200,1
33000,200,1
32000,200,1
14000,200,1
20000,200,1
17000,200,1
23000,200,1
20000,200,1
23000,200,1
19000,201,1
24000,200,1
21000,200,1
18000,200,1
23000,200,1
15000,200,1
22000,200,1
11000,200,1
16000,200,1
23000,200,1
16000,201,1
30000,200,1
24000,200,1
15000,200,1
17000,200,1
22000,200,1
18000,200,1
25000,200,1
13000,200,1
13000,200,1
13000,201,1
20000,200,1
12000,200,1
15000,200,1
15000,200,1
23000,200,1
21000,200,1
20000,200,1
21000,200,1
21000,200,1
18000,201,1
24000,200,1
12000,200,1
13000,200,1
14000,200,1
21000,200,1
21000,200,1
24000,200,1
10000,200,1
13000,200,1
15000,201,1
20000,200,1
13000,200,1
20000,200,1
20000,200,1
17000,200,1
22000,200,1
13000,200,1
13000,200,1
14000,200,1
21000,201,1
21000,200,1
11000,200,1
11000,200,1
12000,200,1
10000,200,1
13000,200,1
24000,200,1
23000,200,1
19000,200,1
20000,201,1
20000,200,1
11000,200,1
12000,200,1
12000,200,1
16000,200,1
19000,200,1
23000,200,1
19000,200,1
20000,200,1
19000,201,1
20000,200,1
19000,200,1
19000,200,1
19000,200,1
20000,200,1
19000,200,1
19000,200,1
22000,200,1
12000,200,1
17000,201,1
23000,200,1
11000,200,1
13000,200,1
13000,200,1
14000,200,1
22000,200,1
12000,200,1
12000,200,1
13000,201,1
23000,200,1
13000,200,1
16000,200,1
22000,200,1
12000,200,1
14000,200,1
21000,200,1
27000,200,1
31000,200,1
20000,201,1
36000,200,1
37000,200,1
28000,200,1
27000,404,1
42000,400,1
58000,200,1
18000,200,1
12000,200,1
13000,200,1
14000,200,1
22000,200,1
10000,200,1
13000,200,1
13000,201,1
21000,204,1
21000,200,1
12000,200,1
12000,200,1
11000,200,1
10000,200,1
12000,200,1
44000,400,-1
14000,200,1
12000,200,1
19000,201,1
12000,204,1
19000,204,1
19000,204,1
13000,404,1
20000,400,1
20000,200,1
19000,200,1
20000,200,1
19000,200,1
20000,200,1
20000,200,1
21000,200,1
11000,200,1
13000,201,1
13000,204,1
25000,200,1
25000,200,1
27000,200,1
24000,200,1
11000,200,1
14000,200,1
13000,200,1
20000,200,1
21000,201,1
21000,204,1
20000,200,1
13000,200,1
14000,200,1
20000,200,1
21000,200,1
12000,200,1
18000,200,1
19000,200,1
15000,201,1
20000,204,1
19000,200,1
19000,200,1
19000,200,1
20000,200,1
19000,200,1
21000,200,1
22000,200,1
23000,200,1
20000,201,1
13000,204,1
14000,200,1
20000,200,1
22000,200,1
12000,200,1
13000,200,1
13000,200,1
21000,200,1
21000,200,1
11000,201,1
21000,204,1
20000,200,1
20000,200,1
14000,200,1
13000,200,1
14000,200,1
12000,200,1
11000,200,1
18000,200,1
18000,201,1
19000,204,1
19000,200,1
20000,200,1
19000,200,1
19000,200,1
20000,200,1
19000,200,1
19000,200,1
16000,200,1
22000,201,1
19000,204,1
23000,200,1
16000,200,1
24000,200,1
27000,200,1
15000,200,1
100000,201,-1
15000,200,1
18000,200,1
39000,200,1
30000,201,1
25000,204,1
32000,200,1
24000,200,1
15000,200,1
12000,200,1
0,200,1
19000,200,1
17000,200,1
14000,200,1
15000,201,1
24000,204,1
53000,204,-1
13000,200,1
14000,200,1
21000,200,1
15000,200,1
17000,200,1